expedition_duration_days,personnel_count,cargo_weight_kg,medical_supply_level,food_supply_level,fuel_supply_level,equipment_availability,temperature,wind_speed,visibility,distance_from_base_km,communication_status,vehicle_status,emergency_history,inventory_shortage_count,personnel_movement_deviation,previous_incidents,weather_risk_score,risk_score_continuous,risk_level
15,23,2064.8,82.9,1.9,45.5,50.2,-2.6,36.6,10.41,829.2,34.8,84.1,0,1,18.55,0,26.7,0.5632,HIGH
94,13,2887.7,59.4,45.5,11.9,73.2,-40.2,5.2,7.14,307.4,10.3,17.2,1,3,5.0,0,47.1,0.5777,HIGH
80,12,1207.1,24.5,61.8,56.9,18.8,-25.7,17.1,1.59,566.5,30.2,13.1,1,2,16.77,0,47.7,0.569,HIGH
55,15,1361.5,74.6,46.0,15.6,44.4,-53.2,61.7,19.82,232.1,80.7,72.9,0,1,12.08,1,60.5,0.411,LOW
55,26,2464.6,8.4,13.1,6.1,53.3,-54.5,77.5,3.58,127.5,49.3,44.6,1,1,5.29,0,87.3,0.6462,HIGH
104,12,1591.4,77.4,39.7,49.9,73.6,-12.7,75.6,5.18,663.6,17.2,79.4,1,1,10.99,2,54.2,0.5185,HIGH
14,37,2249.2,59.0,41.2,65.5,96.4,-47.9,58.4,4.79,134.1,31.3,28.3,1,0,10.67,1,74.3,0.4843,MEDIUM
85,21,1460.2,11.1,18.8,85.4,84.8,-22.1,8.5,18.17,782.0,95.4,21.3,0,0,5.49,0,21.3,0.3692,LOW
28,35,764.2,8.0,75.6,78.3,62.2,-13.2,1.7,15.3,271.8,43.2,54.9,0,0,16.0,0,16.1,0.3958,LOW
15,29,2273.8,75.1,32.1,85.7,58.4,-53.1,78.2,9.2,818.5,44.2,11.5,0,2,19.81,1,79.5,0.5686,HIGH
66,16,523.8,29.3,58.9,76.0,60.3,-28.1,54.9,19.11,368.5,15.3,27.9,1,1,8.21,0,40.8,0.4616,MEDIUM
118,12,716.0,88.9,51.6,70.3,54.5,-14.0,78.3,1.15,368.8,30.5,16.6,1,2,3.85,1,61.1,0.5113,HIGH
90,31,1936.5,76.2,87.7,1.0,5.9,-1.6,16.3,17.88,750.6,81.5,32.0,0,0,20.47,0,9.5,0.4891,MEDIUM
93,16,2279.7,69.8,12.2,62.6,69.8,-37.0,40.7,1.3,510.3,78.6,76.5,0,2,2.45,0,64.5,0.4878,MEDIUM
88,13,2699.9,27.9,11.4,12.0,71.6,3.5,91.9,7.88,201.0,43.5,12.1,0,0,12.87,2,47.3,0.374,LOW
96,38,926.9,70.9,30.0,5.9,51.2,-4.3,17.2,1.17,850.4,89.4,61.2,0,4,5.0,0,32.7,0.5273,HIGH
64,21,465.6,94.8,43.1,15.6,87.0,-16.0,6.2,19.98,340.2,38.0,58.5,1,1,3.55,2,13.8,0.3899,LOW
19,5,2874.7,9.2,29.9,82.3,67.2,-31.5,65.3,18.3,102.8,86.4,53.8,0,0,6.75,0,47.9,0.3909,LOW
102,22,590.1,32.6,76.3,74.4,36.3,-12.3,59.5,11.74,416.0,3.2,48.4,0,1,10.66,0,40.1,0.4483,MEDIUM
57,21,713.4,23.5,24.5,94.9,2.0,-6.0,95.2,4.44,574.0,34.7,66.4,0,2,4.29,0,57.1,0.4298,MEDIUM
63,35,980.3,39.3,8.5,97.9,5.9,-36.8,90.6,5.61,609.9,85.5,85.2,1,0,3.01,2,76.5,0.4782,MEDIUM
48,30,1658.8,74.2,41.4,89.3,35.2,4.6,74.9,9.05,835.6,90.1,16.2,1,2,1.73,2,39.9,0.4489,MEDIUM
26,11,2666.1,47.4,77.3,13.3,46.2,-0.5,1.9,6.52,541.4,75.6,81.4,0,1,28.61,0,17.9,0.431,MEDIUM
112,9,2317.6,57.1,85.1,87.8,16.7,-25.9,48.0,0.52,223.7,67.0,6.1,0,1,13.63,0,60.0,0.4307,MEDIUM
95,26,2168.2,31.4,73.3,83.9,18.9,-11.6,89.6,13.16,261.7,81.6,48.2,1,1,5.32,1,48.3,0.4294,MEDIUM
79,5,649.3,14.1,55.8,87.1,23.0,-23.6,43.4,12.31,100.8,70.8,51.1,1,0,14.12,0,42.0,0.5206,HIGH
51,15,1169.4,26.7,72.4,15.2,78.1,-9.3,96.2,18.1,735.9,25.4,19.8,0,0,10.58,0,42.8,0.4869,MEDIUM
100,9,1513.5,86.0,68.1,11.7,77.1,-5.4,65.2,9.59,105.9,46.6,9.0,0,0,17.19,0,39.8,0.4309,MEDIUM
68,4,570.2,60.2,23.4,92.4,38.3,-53.6,10.9,6.96,605.8,66.1,7.5,0,2,8.74,0,59.1,0.6777,HIGH
56,37,929.3,37.8,55.1,17.4,17.2,-50.3,50.9,10.28,596.9,58.8,3.7,0,0,19.36,1,66.5,0.5698,HIGH
57,7,1028.7,79.0,77.1,36.9,11.1,-34.8,69.6,3.97,785.5,88.5,57.4,0,1,6.0,0,69.7,0.4216,LOW
31,4,512.7,6.4,31.7,45.6,8.7,0.1,6.5,12.55,74.6,47.4,15.5,1,1,12.01,3,11.6,0.5382,HIGH
15,38,1718.2,25.4,65.4,12.4,39.1,-31.1,34.5,15.42,202.9,17.8,80.9,0,2,18.53,1,40.4,0.5458,HIGH
69,10,2159.3,23.0,48.1,2.1,4.6,-1.7,71.7,3.15,909.6,21.5,89.9,1,6,12.45,0,47.4,0.7,HIGH
107,34,349.3,98.5,50.3,99.4,33.4,-27.3,15.7,6.44,572.2,84.6,29.2,0,0,34.58,1,42.3,0.4498,MEDIUM
12,5,1521.2,70.6,9.0,87.7,96.2,-37.7,34.8,17.37,457.7,0.9,16.4,0,2,16.96,1,42.9,0.6228,HIGH
104,9,2379.3,61.8,66.6,91.2,50.8,-1.0,69.0,10.16,747.7,86.9,41.0,0,0,13.95,0,37.2,0.4211,LOW
101,8,2281.8,0.5,86.6,28.5,82.3,-21.4,77.6,10.68,902.5,5.6,88.2,0,0,7.78,1,54.4,0.5384,HIGH
37,30,2473.0,18.4,14.1,22.0,12.9,-33.4,51.9,14.48,263.0,39.2,40.0,1,1,12.2,0,49.4,0.5125,HIGH
78,26,1427.5,63.6,36.6,42.6,26.8,-52.3,95.7,11.6,901.5,80.0,10.8,0,0,23.25,1,82.0,0.5934,HIGH
24,21,2488.6,38.0,4.9,45.3,94.7,-48.3,92.5,1.48,108.7,40.8,98.5,0,0,7.0,0,90.7,0.4083,LOW
92,12,836.1,92.4,3.0,0.6,38.4,-46.6,47.3,16.1,977.7,82.2,50.0,1,1,4.84,1,55.3,0.6068,HIGH
86,7,1178.3,76.5,99.0,77.9,64.8,-33.1,16.0,18.46,164.9,10.0,34.2,0,0,7.03,0,31.6,0.3611,LOW
46,25,652.6,44.7,49.3,99.7,97.6,-18.6,77.3,1.16,266.2,51.2,89.4,0,1,6.73,0,64.1,0.504,MEDIUM
12,12,1482.3,75.0,35.6,52.9,55.1,-36.5,24.3,2.51,96.6,58.2,92.7,1,0,15.35,0,56.9,0.5081,MEDIUM
117,25,1267.4,97.5,27.5,38.8,30.5,-51.1,84.3,14.07,803.7,89.1,49.7,0,1,31.92,1,74.1,0.4842,MEDIUM
56,29,836.6,46.1,98.0,39.3,53.2,-39.1,58.7,12.13,984.2,9.4,30.7,0,0,2.57,1,58.8,0.5122,HIGH
108,35,2292.6,64.3,25.2,9.6,5.5,-30.5,39.4,7.71,297.0,33.9,48.3,0,2,10.81,0,51.3,0.4163,LOW
83,22,1044.5,91.9,72.6,26.6,11.2,4.5,55.6,10.83,325.6,65.9,21.9,0,0,4.31,1,30.9,0.2785,LOW
95,4,927.5,24.9,28.4,50.2,0.7,-31.4,53.3,14.1,279.0,98.0,47.8,0,1,13.27,0,48.9,0.4151,LOW
93,14,523.0,88.7,7.0,43.2,88.4,-49.6,92.5,10.14,154.8,84.8,22.9,1,3,14.42,2,80.8,0.454,MEDIUM
27,35,1400.6,9.8,68.3,54.5,67.1,-20.1,21.4,2.89,787.4,84.6,62.2,0,0,6.75,2,43.5,0.5163,HIGH
47,23,1013.4,64.8,0.2,84.9,29.8,0.2,92.8,1.88,60.7,51.7,76.0,1,3,15.65,1,55.1,0.6167,HIGH
59,26,1202.4,78.3,67.6,22.5,22.1,-7.8,3.1,8.83,967.8,56.4,96.9,0,0,5.85,0,20.7,0.3976,LOW
62,20,822.6,61.5,25.0,2.8,68.3,-4.8,76.9,18.47,927.3,85.9,84.3,0,0,5.84,0,32.3,0.3587,LOW
10,10,2325.0,49.6,74.6,3.8,92.0,0.7,92.0,11.2,118.4,87.0,8.6,0,2,5.1,0,43.2,0.4343,MEDIUM
68,37,2800.5,61.7,77.0,13.4,29.9,-16.8,39.4,7.23,529.5,80.2,21.2,0,1,7.09,1,42.0,0.5475,HIGH
22,32,1569.1,15.2,72.4,57.0,32.2,4.7,7.3,18.18,992.9,81.9,53.2,0,2,10.02,0,4.8,0.3402,LOW
91,40,1982.5,21.6,2.4,80.8,85.4,-53.0,80.5,7.83,852.6,88.0,25.8,1,3,9.19,0,81.9,0.4995,MEDIUM
84,35,2621.4,27.0,70.4,88.7,89.3,-4.9,84.3,10.23,715.1,11.4,1.4,1,0,11.56,0,45.3,0.5253,HIGH
112,14,2996.7,59.8,99.0,63.5,91.4,-3.6,33.6,2.42,22.5,29.3,75.5,0,0,15.09,1,36.4,0.3383,LOW
91,13,1898.5,44.2,24.3,40.3,29.3,0.0,51.9,14.77,68.4,97.6,35.8,0,0,11.67,0,24.7,0.2745,LOW
47,13,2685.9,24.4,27.4,15.5,12.0,-26.3,80.9,14.04,794.0,54.5,6.6,1,2,28.24,0,54.9,0.6833,HIGH
117,37,2739.5,88.3,81.4,40.1,44.0,-7.7,19.2,15.91,376.4,17.6,50.9,0,3,10.58,0,17.4,0.5349,HIGH
52,24,2405.6,37.4,16.0,33.2,29.6,-43.3,62.9,6.57,668.4,50.3,97.7,0,0,17.59,1,70.3,0.4517,MEDIUM
42,20,1463.7,44.6,66.1,87.0,88.4,-18.8,43.1,8.78,739.2,64.6,67.9,0,4,2.23,1,42.8,0.348,LOW
110,39,381.3,41.0,75.5,48.7,3.7,-33.5,17.4,3.45,422.2,82.8,15.9,0,1,11.56,0,51.1,0.3511,LOW
47,26,195.0,18.2,3.7,22.6,63.4,-19.2,83.1,19.29,143.4,81.2,51.4,0,1,9.11,0,43.9,0.3166,LOW
13,37,1510.0,73.2,55.4,28.9,90.6,-14.5,32.5,1.81,386.7,4.9,90.2,1,0,8.48,0,44.7,0.4452,MEDIUM
59,40,1558.8,44.8,57.6,13.6,97.7,-34.2,93.4,13.02,871.0,45.4,5.4,0,0,22.94,0,66.3,0.4945,MEDIUM
97,6,1311.0,1.6,30.3,91.9,65.0,-42.0,56.9,14.13,331.1,2.1,63.8,0,2,35.47,0,57.8,0.6328,HIGH
26,17,1769.3,96.4,87.6,5.0,95.0,-35.7,51.5,3.24,62.6,88.8,72.1,1,1,15.2,1,64.9,0.4322,MEDIUM
58,31,1723.7,81.6,16.3,1.3,7.6,-15.2,42.3,7.37,959.1,17.4,70.4,0,1,1.7,0,41.6,0.5888,HIGH
20,34,2534.3,72.4,36.4,18.3,35.9,-14.4,40.1,0.96,680.7,62.5,15.0,0,2,6.46,2,48.3,0.4895,MEDIUM
84,9,459.7,86.9,84.9,81.1,0.9,-10.5,81.8,11.18,540.9,57.1,90.7,0,2,2.65,0,47.3,0.3556,LOW
60,15,791.8,90.7,19.1,52.3,98.1,-47.4,67.8,19.9,829.1,62.6,32.2,1,1,11.33,0,58.3,0.4784,MEDIUM
43,24,2410.1,33.7,82.1,62.6,90.3,-5.9,77.4,8.65,411.2,56.3,5.2,0,2,13.84,1,45.6,0.4033,LOW
31,33,2566.3,61.1,7.9,35.8,2.8,-13.7,42.1,19.8,985.1,71.6,8.3,0,1,2.03,0,24.9,0.5107,MEDIUM
70,8,2985.2,60.9,48.9,6.9,1.8,-53.2,26.1,2.61,857.6,62.6,45.8,0,1,25.72,0,69.6,0.5032,MEDIUM
82,26,2637.8,26.7,7.5,85.6,36.7,-34.9,8.7,7.91,280.5,9.0,4.0,1,1,3.5,0,43.5,0.586,HIGH
114,14,2686.2,22.2,67.8,19.2,25.9,-27.0,77.7,18.05,371.0,36.7,78.0,1,0,13.37,1,49.3,0.4808,MEDIUM
55,12,1045.9,11.4,79.1,3.3,84.7,-33.4,41.5,17.55,275.7,54.7,86.6,0,0,25.34,0,41.9,0.3894,LOW
23,23,1294.7,65.9,85.0,57.3,16.0,-48.0,50.9,6.54,659.3,32.5,1.3,1,1,11.5,0,69.5,0.497,MEDIUM
101,19,914.0,78.1,98.1,8.3,79.1,-42.6,46.9,13.6,639.3,76.0,81.0,0,0,5.54,1,55.4,0.3835,LOW
78,27,1878.0,76.1,67.2,9.6,55.4,-53.5,43.1,17.73,522.5,31.8,98.1,1,1,5.26,1,56.8,0.55,HIGH
86,15,2825.6,31.6,76.9,80.0,37.7,-49.4,68.4,15.36,965.8,82.9,3.0,0,2,11.73,0,65.7,0.5404,HIGH
16,34,1132.2,20.5,50.6,49.2,14.6,-39.0,60.9,12.61,472.3,14.7,72.5,0,0,17.62,0,58.9,0.4843,MEDIUM
41,6,1737.5,45.4,91.3,24.2,99.8,-5.8,97.2,3.14,783.7,76.9,99.9,1,0,13.03,0,59.3,0.4527,MEDIUM
94,35,994.5,54.7,64.4,34.9,61.8,-23.4,13.9,1.55,658.1,18.3,79.7,0,2,5.16,0,44.9,0.5221,HIGH
101,5,633.9,91.9,88.4,72.9,43.9,-29.5,57.4,12.33,518.2,52.8,50.5,0,1,8.94,0,51.1,0.3474,LOW
55,31,706.3,87.5,23.5,6.6,37.1,-15.3,6.3,10.06,42.1,32.1,88.5,1,1,4.55,0,25.8,0.4362,MEDIUM
98,16,315.1,91.6,49.7,11.6,90.6,-22.5,80.8,4.84,657.5,63.7,70.8,0,0,4.5,0,63.6,0.2911,LOW
102,18,2855.5,85.0,73.0,61.6,82.1,-47.1,61.6,5.93,642.6,21.3,29.2,0,1,4.29,1,73.4,0.4177,LOW
49,4,1298.2,96.5,20.3,60.7,81.1,-41.6,42.8,7.9,124.9,79.5,22.4,0,3,7.45,2,60.4,0.4261,LOW
109,29,2527.2,46.5,21.1,97.2,61.6,-41.6,80.2,9.96,795.9,57.4,51.3,0,0,9.69,0,70.9,0.5479,HIGH
38,10,2091.8,4.7,97.8,37.5,88.8,-19.0,45.5,7.87,467.0,95.7,37.3,0,1,10.58,1,44.9,0.3398,LOW
32,28,697.0,8.4,43.5,6.5,29.9,-27.3,22.8,7.81,324.1,71.2,32.9,0,0,12.53,0,43.1,0.5972,HIGH
84,30,650.1,39.0,18.2,53.8,70.4,-31.7,47.3,2.4,824.0,60.7,17.8,0,1,5.42,0,61.6,0.4987,MEDIUM
78,35,2464.2,25.8,33.1,63.8,40.4,-21.6,7.1,17.33,343.4,82.9,84.5,1,2,9.85,0,21.5,0.2965,LOW
21,30,904.4,17.0,39.7,14.0,60.0,3.2,89.8,12.22,621.9,22.0,70.5,0,1,10.79,0,41.2,0.5579,HIGH
101,15,2752.9,95.3,62.3,55.3,99.8,-36.1,73.1,3.01,617.9,63.3,33.1,0,2,21.57,0,73.1,0.3592,LOW
28,31,549.2,19.5,92.3,19.8,98.5,-23.8,76.0,8.54,52.8,39.0,23.8,0,1,2.1,0,58.2,0.4068,LOW
98,34,2081.5,95.9,98.7,84.5,51.3,-26.2,87.4,8.39,422.8,74.4,12.8,0,0,2.78,1,64.2,0.2883,LOW
5,15,2471.3,76.1,65.2,83.5,57.4,-12.0,79.2,12.05,222.8,2.4,11.3,0,1,14.66,0,46.4,0.3642,LOW
97,8,820.5,64.1,70.0,43.0,89.7,-11.2,43.2,12.22,199.6,42.8,62.5,0,0,15.76,1,33.0,0.3959,LOW
96,36,937.2,67.6,32.2,96.7,98.6,-11.3,11.9,12.94,655.0,65.2,10.9,0,0,14.7,0,21.2,0.3289,LOW
95,9,2898.9,33.1,85.7,98.0,77.9,-42.9,37.3,13.99,11.4,46.1,96.0,0,3,14.59,0,51.8,0.4751,MEDIUM
82,25,904.1,64.6,21.8,12.9,6.5,-28.1,93.4,2.16,969.1,23.8,27.9,0,2,2.33,0,75.4,0.5836,HIGH
59,12,1375.4,18.7,10.6,36.8,32.3,-6.3,94.9,6.17,395.4,46.4,2.6,0,1,31.96,0,55.1,0.4753,MEDIUM
86,8,1382.7,93.8,97.3,60.0,89.7,-32.1,76.8,0.45,298.8,85.0,85.5,1,2,19.93,0,74.7,0.367,LOW
37,32,871.1,30.2,86.4,8.5,76.8,4.1,20.4,9.15,920.0,20.7,36.8,0,0,2.37,2,20.7,0.6488,HIGH
95,9,2361.0,25.5,30.4,38.3,74.2,-33.1,19.4,8.65,486.7,36.7,34.3,1,2,8.04,1,45.1,0.5535,HIGH
69,28,2349.8,71.1,67.5,26.1,66.8,-25.1,88.0,14.71,614.3,99.0,11.9,0,1,7.69,1,55.7,0.4357,MEDIUM
58,29,1228.2,65.6,46.7,95.2,41.5,-26.5,14.2,3.43,695.9,91.3,66.0,0,2,9.16,1,45.0,0.4154,LOW
63,6,2530.1,45.1,32.3,41.2,40.3,-29.0,58.4,12.67,871.4,3.4,35.9,0,2,6.93,0,50.7,0.5316,HIGH
70,10,757.3,63.2,28.7,76.3,80.9,-4.3,37.8,6.2,129.7,53.0,82.3,0,2,3.75,1,33.6,0.4879,MEDIUM
9,33,162.3,15.9,13.6,38.7,29.4,-45.7,30.2,7.7,81.7,6.5,63.1,0,0,10.94,0,59.2,0.5403,HIGH
21,22,1777.8,67.3,54.9,13.2,68.5,-20.9,67.7,14.41,993.7,92.4,88.0,0,0,22.53,0,45.9,0.4485,MEDIUM
33,8,2983.1,27.1,44.7,86.3,72.6,-17.9,96.0,1.52,8.9,44.2,62.3,0,2,6.76,1,69.7,0.4847,MEDIUM
18,40,260.1,27.3,51.2,0.0,84.5,-3.9,77.8,6.92,708.2,41.8,77.9,0,0,12.46,0,46.4,0.3822,LOW
55,13,742.8,16.2,21.5,5.6,32.0,-18.4,48.6,7.89,611.1,27.3,69.7,0,1,9.36,1,45.5,0.4774,MEDIUM
82,4,1628.9,33.2,93.9,36.4,74.2,2.6,44.1,14.34,552.6,56.9,46.3,0,1,14.59,0,22.5,0.3478,LOW
80,38,2458.3,33.1,63.9,68.7,10.6,-2.7,90.8,4.06,785.8,14.5,68.9,0,2,8.74,2,53.7,0.6425,HIGH
59,4,403.8,45.4,90.0,34.2,13.8,-34.1,57.8,18.95,992.5,79.9,66.4,0,0,5.96,0,46.3,0.3607,LOW
104,24,1276.4,19.0,10.9,6.6,41.7,-3.4,49.7,19.96,46.9,49.1,0.7,0,0,7.06,0,19.9,0.3825,LOW
70,40,2279.2,19.3,62.3,31.8,5.5,2.5,68.3,16.4,614.5,56.6,69.9,0,2,21.94,1,28.4,0.4854,MEDIUM
14,25,1208.9,54.2,84.9,24.5,94.8,-39.6,23.7,6.06,716.8,84.1,26.2,0,2,10.28,1,54.5,0.3203,LOW
93,25,688.2,12.9,33.1,0.5,90.2,-18.4,6.4,13.31,305.9,18.5,54.2,0,2,10.02,1,24.0,0.4065,LOW
71,18,707.2,68.9,19.5,53.5,4.9,-38.1,85.5,1.75,892.9,17.5,11.1,1,1,21.48,1,80.4,0.7912,HIGH
78,8,1318.6,94.4,26.5,11.7,83.8,-16.0,60.7,17.44,457.0,42.1,2.3,0,0,24.2,1,36.1,0.3863,LOW
70,25,1516.3,42.7,27.3,28.7,50.9,-49.4,16.5,10.37,164.5,78.6,1.5,0,0,0.92,0,53.7,0.4503,MEDIUM
69,37,2606.2,90.1,44.7,64.1,70.2,-10.9,29.8,3.61,854.4,5.9,15.8,0,0,2.84,0,38.8,0.4942,MEDIUM
15,7,1980.4,9.8,32.6,72.5,88.7,-29.8,99.0,6.62,942.9,79.5,2.0,0,2,17.36,0,73.0,0.5475,HIGH
69,36,2117.6,4.3,27.1,26.3,57.7,-19.8,63.4,16.03,99.5,50.1,13.2,0,0,10.64,0,41.6,0.4243,LOW
97,19,2951.5,72.1,64.9,32.9,11.6,-53.4,63.6,17.42,751.7,56.2,55.9,1,1,24.26,0,64.3,0.534,HIGH
40,23,1323.8,76.1,5.3,24.7,0.3,-13.3,7.2,10.44,215.0,56.4,40.0,0,0,2.11,3,24.1,0.4106,LOW
74,10,1299.6,84.3,34.0,95.7,49.7,-25.2,96.9,9.66,6.7,5.6,98.1,0,0,11.8,0,65.2,0.4741,MEDIUM
8,27,2781.5,5.7,69.0,19.1,94.9,-17.5,89.3,15.04,260.6,25.0,80.9,1,2,15.12,0,50.2,0.4604,MEDIUM
45,10,850.7,77.7,17.6,18.3,57.3,-36.1,54.8,16.54,854.9,75.5,14.7,0,0,7.79,0,49.8,0.4616,MEDIUM
55,14,2230.0,37.7,22.1,44.5,37.3,-46.3,30.9,15.32,141.2,41.2,41.7,0,0,16.68,1,50.3,0.4119,LOW
118,30,2300.5,30.3,20.1,18.9,3.1,-28.9,69.8,7.75,130.7,56.1,43.1,0,1,17.59,0,60.8,0.5269,HIGH
29,5,428.7,17.3,0.1,15.7,91.5,1.6,83.3,12.87,739.0,94.5,36.2,0,3,9.45,0,38.1,0.4288,MEDIUM
37,20,1484.5,99.6,47.4,9.6,32.7,-41.3,78.6,17.16,406.4,4.6,49.6,1,2,8.96,0,61.1,0.5254,HIGH
52,25,721.6,6.4,3.9,64.0,70.5,-14.4,97.7,3.12,148.5,45.0,67.0,0,1,18.79,0,65.8,0.4784,MEDIUM
120,8,678.3,82.7,27.3,61.2,69.4,-52.0,63.7,7.82,230.0,36.1,64.1,1,1,11.63,0,75.3,0.4232,LOW
103,14,1471.9,63.9,99.5,65.0,25.4,-11.9,32.1,1.23,794.6,10.6,35.7,0,1,14.4,0,43.4,0.3939,LOW
9,16,974.9,73.5,91.8,77.3,6.4,-40.7,49.8,8.24,623.3,95.1,70.5,1,2,11.59,0,61.7,0.4012,LOW
32,28,2418.8,71.2,21.5,32.6,38.5,-27.9,81.6,15.47,760.9,96.1,28.9,1,1,11.16,0,54.5,0.6598,HIGH
100,40,2736.7,85.8,31.0,91.8,31.7,-32.9,26.5,4.02,97.8,31.1,83.5,1,1,8.94,2,53.2,0.5518,HIGH
11,34,2437.8,18.4,46.4,73.3,70.0,-48.2,23.1,10.88,458.1,94.7,96.4,1,1,15.08,0,54.5,0.4965,MEDIUM
104,11,908.2,0.1,84.4,80.5,82.0,-34.3,72.5,0.83,797.1,3.5,29.5,0,1,5.02,0,74.3,0.6335,HIGH
37,4,931.3,59.9,80.3,72.1,22.2,-34.0,44.4,17.96,265.8,98.1,78.5,0,2,2.23,1,42.8,0.3108,LOW
111,5,876.0,35.4,12.6,35.8,52.8,-23.7,81.7,16.42,169.2,83.6,81.3,0,1,10.01,1,50.3,0.4294,MEDIUM
39,26,534.9,12.4,12.4,28.3,4.1,3.3,14.4,10.54,381.8,21.4,49.1,0,0,24.5,1,16.9,0.478,MEDIUM
55,9,2839.8,18.6,41.7,42.3,21.4,-26.8,33.6,14.15,333.4,60.0,8.8,0,1,11.65,0,38.6,0.4825,MEDIUM
81,12,1295.8,33.2,87.0,9.7,76.2,-0.1,26.8,2.17,185.5,79.8,78.6,0,2,8.32,0,31.7,0.3903,LOW
19,35,790.4,7.0,88.2,45.1,79.3,-27.3,69.8,16.92,953.9,31.9,40.7,0,0,7.5,0,48.1,0.5443,HIGH
69,36,2563.0,5.7,10.7,4.3,77.6,-48.5,75.9,14.33,483.1,35.4,20.8,0,1,7.11,0,68.9,0.5892,HIGH
63,35,1287.7,91.6,57.4,0.4,14.2,-41.2,45.6,2.49,608.1,62.9,62.7,1,2,0.42,3,67.8,0.6221,HIGH
95,13,250.1,31.2,15.6,93.1,55.1,-30.5,47.8,19.62,121.1,14.7,43.7,0,2,22.26,0,39.4,0.5924,HIGH
120,26,611.5,98.2,68.6,68.9,42.3,-35.5,13.2,0.55,610.0,11.8,8.8,1,2,6.54,2,54.8,0.5488,HIGH
82,26,1971.9,96.4,91.6,56.2,99.1,-3.1,70.2,12.61,555.3,25.0,98.4,0,3,10.15,2,36.1,0.5101,MEDIUM
52,10,2381.3,14.3,45.5,34.1,65.4,-14.3,99.2,3.52,931.9,74.1,24.5,1,1,7.94,1,65.7,0.5894,HIGH
52,24,751.2,71.5,8.3,57.1,93.5,-20.3,77.8,14.41,412.3,36.7,51.1,1,0,5.66,1,49.0,0.4563,MEDIUM
53,23,2764.6,60.1,57.9,89.2,14.5,-25.5,22.3,1.5,782.1,50.7,66.7,0,4,23.03,1,49.5,0.4491,MEDIUM
99,18,2575.3,69.1,40.9,65.2,45.1,-31.2,62.3,1.71,304.2,19.5,11.5,0,3,3.91,0,67.4,0.4601,MEDIUM
42,31,2567.9,9.6,81.1,60.2,77.2,-18.3,29.5,9.38,578.9,19.4,73.9,1,2,15.45,0,36.9,0.4718,MEDIUM
24,29,798.8,18.9,34.0,46.0,36.8,-47.5,3.0,19.88,927.0,65.0,64.8,0,1,2.59,1,35.7,0.441,MEDIUM
43,23,294.0,7.7,87.5,34.6,63.3,-45.2,18.0,5.6,625.1,10.8,49.4,1,0,9.0,0,57.2,0.5072,MEDIUM
7,30,2622.2,60.4,27.4,69.9,51.2,-36.8,10.3,12.29,711.2,66.8,52.8,1,3,20.9,0,40.0,0.587,HIGH
17,32,1021.5,98.7,15.8,98.1,99.2,-44.7,19.6,10.42,876.0,40.1,95.5,0,0,6.87,1,51.3,0.4457,MEDIUM
15,24,1913.9,67.2,30.6,42.5,17.4,-14.4,79.6,16.86,925.4,67.1,91.1,1,4,14.5,0,42.3,0.5414,HIGH
94,13,2315.9,71.1,3.5,39.2,93.5,-53.5,29.3,5.84,208.3,38.2,11.2,1,1,6.62,1,66.9,0.4604,MEDIUM
88,32,515.6,98.5,28.1,42.8,40.2,-45.4,75.7,11.14,195.8,84.6,36.9,1,2,7.77,1,70.6,0.4355,MEDIUM
85,30,2375.4,67.8,66.0,42.6,46.8,-0.8,94.9,19.02,550.5,5.6,51.7,0,2,16.91,0,35.0,0.3558,LOW
58,40,2824.8,4.0,14.2,99.1,52.9,4.9,57.4,6.72,995.5,89.3,92.0,0,0,14.73,1,36.7,0.5305,HIGH
88,9,2225.9,86.7,11.1,70.7,26.5,-25.7,48.5,8.84,490.2,26.9,81.7,0,3,24.68,1,49.6,0.488,MEDIUM
23,19,1407.5,36.5,13.2,35.9,96.4,-25.3,75.0,17.79,330.9,4.3,38.6,0,1,6.85,1,47.4,0.3934,LOW
109,38,2648.5,0.4,7.8,37.2,91.1,-8.6,9.7,6.72,537.3,56.2,88.6,1,1,12.83,1,26.2,0.5235,HIGH
63,23,1653.3,50.7,87.5,43.1,97.3,-52.8,42.8,7.68,64.4,22.4,37.8,1,1,10.59,1,68.8,0.5002,MEDIUM
113,38,2272.6,93.7,94.4,3.7,99.7,-29.4,49.9,6.15,177.2,45.9,27.1,0,0,13.09,1,56.2,0.4449,MEDIUM
22,4,2488.4,25.7,4.7,52.8,67.0,-49.0,83.1,16.21,148.9,80.2,61.0,0,1,19.82,0,69.5,0.4573,MEDIUM
62,5,2285.7,49.2,76.0,81.1,45.2,-30.9,81.4,18.61,27.9,79.2,35.6,0,0,5.9,1,52.7,0.3871,LOW
85,33,970.4,17.4,73.7,66.1,85.1,4.0,84.8,12.66,722.2,60.0,62.2,1,0,12.47,1,38.9,0.4674,MEDIUM
62,17,485.9,5.8,99.7,19.8,2.4,-9.8,69.8,12.51,325.5,97.8,41.0,0,3,22.85,0,40.9,0.3756,LOW
56,23,829.3,8.1,34.8,72.8,83.4,4.1,53.1,7.86,168.5,46.4,79.6,0,3,10.6,1,33.8,0.4375,MEDIUM
24,19,1583.2,72.7,28.6,71.9,49.7,-10.2,82.8,0.35,512.2,3.9,95.4,0,0,16.82,1,61.0,0.557,HIGH
49,19,1590.0,86.4,45.3,26.3,67.3,-18.5,87.3,3.56,323.4,81.9,27.0,0,0,1.51,0,64.6,0.4425,MEDIUM
32,38,1810.5,14.3,85.7,62.3,37.4,-9.7,48.0,3.03,393.0,22.1,51.0,0,1,10.96,3,45.1,0.4603,MEDIUM
39,7,1276.0,28.8,72.9,61.1,36.9,-15.5,98.6,2.41,315.5,17.6,72.4,1,1,7.17,0,67.8,0.5069,MEDIUM
84,32,2392.6,19.5,47.2,84.0,3.2,-27.2,87.5,13.12,4.0,7.0,15.9,1,3,14.57,0,59.0,0.6525,HIGH
78,36,2752.5,2.7,24.5,13.6,42.4,-37.4,51.0,2.81,688.3,32.8,79.6,0,2,12.53,0,66.5,0.5077,MEDIUM
75,28,853.2,55.3,72.7,19.5,40.8,-23.8,6.9,1.8,110.7,32.6,58.3,0,1,5.07,1,42.5,0.2903,LOW
46,18,2249.1,70.0,85.5,48.6,22.5,-39.5,22.4,7.71,219.1,30.3,15.0,0,1,2.9,1,51.9,0.4673,MEDIUM
116,9,2082.2,64.8,40.0,4.4,24.7,-25.8,77.6,5.06,190.3,59.3,86.8,0,1,32.71,0,64.6,0.5784,HIGH
15,29,1640.8,38.8,66.9,41.6,58.4,-46.2,11.1,3.0,331.4,75.2,42.7,0,1,13.25,1,58.7,0.396,LOW
44,21,687.3,55.5,40.0,78.8,31.8,-21.1,47.0,3.01,160.2,93.8,17.7,0,1,13.02,0,53.0,0.4044,LOW
18,9,2416.4,9.4,47.8,14.9,83.0,-40.3,60.5,5.2,347.0,9.4,19.5,0,3,5.76,0,69.0,0.5654,HIGH
44,17,2887.8,15.4,52.5,46.0,11.1,-37.4,87.8,10.78,243.3,15.0,78.6,1,2,7.96,1,69.5,0.617,HIGH
116,39,2207.2,93.2,77.6,99.0,57.8,-25.1,84.7,15.19,61.2,59.0,93.6,0,4,23.02,0,53.9,0.3535,LOW
47,13,2765.9,76.2,97.8,50.6,16.0,-45.2,76.4,17.07,870.6,9.8,37.8,1,0,10.76,0,63.3,0.696,HIGH
110,10,2954.9,92.3,44.4,49.8,52.8,2.7,40.8,15.05,305.6,37.1,7.9,0,3,23.55,1,20.5,0.3811,LOW
62,29,1153.3,91.7,34.2,55.9,55.3,-28.2,14.2,12.6,95.3,62.5,10.1,0,1,13.28,1,34.7,0.4239,LOW
86,11,1968.9,64.9,37.4,18.6,64.2,-33.9,67.0,18.16,521.5,78.1,65.4,0,2,20.2,2,50.4,0.3823,LOW
58,38,1500.7,92.8,13.4,14.7,42.7,-53.2,18.1,10.44,123.3,21.8,37.1,0,1,1.38,0,57.0,0.4264,LOW
35,35,2961.9,41.7,29.7,67.7,50.9,-4.4,56.1,12.7,773.1,66.8,42.6,0,2,5.5,0,32.0,0.4765,MEDIUM
93,40,417.4,0.4,8.6,39.6,18.1,-17.4,98.1,8.29,61.6,64.6,33.7,1,2,10.61,0,61.6,0.4675,MEDIUM
117,37,1325.3,6.3,42.8,29.0,46.3,-30.0,55.0,6.61,464.6,86.0,46.6,1,1,8.48,0,57.8,0.469,MEDIUM
35,13,2645.3,10.9,16.7,3.1,37.3,-40.3,64.6,6.7,943.8,31.4,64.4,0,3,14.63,0,68.5,0.7634,HIGH
95,11,959.5,9.5,34.6,84.6,66.6,-10.3,67.8,3.05,159.0,75.0,54.1,0,0,2.9,0,52.4,0.4191,LOW
35,16,2395.2,35.2,79.4,3.2,43.5,1.7,83.0,15.95,201.4,75.2,16.4,0,0,2.96,0,34.1,0.3322,LOW
88,21,1240.9,70.1,24.6,75.0,77.9,-32.2,43.5,1.2,600.5,23.9,49.1,1,2,14.25,0,62.1,0.5274,HIGH
96,36,2942.9,79.1,61.2,38.2,42.6,-46.9,49.8,13.53,979.9,62.1,46.1,0,2,19.62,0,59.6,0.5066,MEDIUM
57,31,2668.1,59.0,90.1,59.9,23.6,-48.4,17.6,17.3,385.8,67.5,54.6,0,2,7.92,0,44.7,0.4525,MEDIUM
90,27,1008.8,14.6,56.7,24.8,27.4,-54.6,61.5,10.0,648.6,27.4,11.1,1,1,25.17,1,73.7,0.64,HIGH
36,36,2345.1,74.8,19.4,15.5,4.5,-10.4,29.6,1.5,152.3,45.2,15.4,1,4,29.1,1,41.0,0.5488,HIGH
14,27,1110.0,35.5,34.5,53.3,54.0,3.9,50.8,8.63,641.4,43.6,53.0,0,1,9.83,1,32.0,0.4687,MEDIUM
16,18,1878.1,1.3,59.0,69.6,83.1,4.6,76.7,6.93,252.7,77.4,27.5,0,1,7.7,0,43.2,0.2735,LOW
56,19,2026.7,28.1,50.7,19.5,76.9,-7.9,1.8,19.71,613.3,0.1,62.9,0,1,6.37,1,6.7,0.3691,LOW
109,23,2514.3,33.1,14.9,43.6,43.8,-45.3,56.4,13.86,88.7,50.1,37.3,0,2,5.46,0,60.4,0.4449,MEDIUM
19,7,219.7,27.4,44.7,44.5,19.6,3.7,17.3,14.46,525.0,18.4,22.1,0,1,16.24,0,13.0,0.4761,MEDIUM
57,31,777.4,81.2,54.3,21.6,86.3,-35.3,27.9,10.36,237.4,64.7,65.6,1,2,4.89,2,47.5,0.3422,LOW
86,28,2179.0,76.0,26.7,56.5,5.7,-35.0,3.5,14.22,681.7,68.0,39.4,0,1,4.16,1,33.9,0.471,MEDIUM
28,31,1756.0,69.6,61.2,14.6,39.9,-13.8,16.9,14.48,747.7,50.1,15.8,1,0,5.25,0,22.9,0.5221,HIGH
88,23,1562.5,13.9,7.0,51.0,85.7,-52.1,98.7,1.42,848.1,54.2,80.9,0,1,9.91,0,95.7,0.5016,MEDIUM
40,32,307.3,80.8,33.7,11.3,39.3,-5.5,99.9,4.53,992.4,31.5,43.2,1,4,10.44,0,58.3,0.7498,HIGH
98,39,1142.6,67.7,80.4,48.6,11.8,4.8,72.0,0.36,459.4,31.3,91.5,0,0,15.63,3,49.8,0.5151,HIGH
72,25,2615.5,19.5,25.9,31.2,26.6,-8.5,61.2,10.25,670.6,74.5,19.3,0,2,9.23,0,39.8,0.3989,LOW
68,20,238.0,64.8,60.5,45.2,60.0,-8.1,77.7,17.53,18.4,13.2,87.6,0,0,2.71,1,36.2,0.4494,MEDIUM
25,7,1279.8,48.4,41.0,43.4,15.2,-31.6,89.7,12.23,905.1,77.2,81.6,0,1,7.43,1,64.1,0.4434,MEDIUM
58,32,2843.7,43.9,31.6,90.8,65.5,-51.0,51.9,10.05,615.7,65.5,10.4,0,2,10.09,2,67.7,0.5082,MEDIUM
104,37,295.0,11.2,91.6,49.0,43.8,-7.4,3.5,18.53,421.3,88.4,53.2,0,0,6.05,0,8.4,0.275,LOW
7,29,2286.7,51.8,34.3,81.8,33.4,-19.2,70.9,3.53,434.3,26.0,65.4,1,2,12.5,0,59.4,0.591,HIGH
92,36,884.2,10.0,23.7,22.6,24.1,-0.4,98.5,1.58,758.0,50.6,49.5,0,1,0.78,0,57.8,0.483,MEDIUM
62,35,2619.8,16.4,90.9,35.2,82.3,-48.0,25.8,18.35,833.5,3.9,39.0,0,0,9.16,1,46.0,0.5032,MEDIUM
88,33,2276.3,13.3,74.6,7.5,39.7,-36.7,46.3,18.07,807.9,91.3,94.4,0,1,22.28,0,45.3,0.4407,MEDIUM
81,22,2674.3,95.4,68.2,42.1,73.8,-33.4,36.1,13.69,510.6,67.5,70.1,0,4,19.24,0,44.8,0.3687,LOW
55,7,765.4,28.5,5.0,66.9,44.0,-14.0,39.0,4.99,371.1,62.3,96.6,0,0,11.02,0,42.6,0.4709,MEDIUM
40,4,1664.2,35.5,13.1,83.8,9.2,-7.7,72.1,19.4,945.5,73.3,84.6,0,1,10.36,0,31.6,0.3854,LOW
77,11,2370.9,32.2,63.8,56.6,44.1,2.7,37.8,15.33,634.2,28.4,81.7,0,1,13.78,3,19.1,0.4538,MEDIUM
21,19,850.2,89.8,20.9,64.0,50.8,-37.3,94.1,13.51,543.7,60.4,72.6,0,1,4.2,0,68.2,0.4559,MEDIUM
72,31,807.6,56.3,22.6,17.7,45.8,-25.4,79.0,4.54,598.3,80.1,64.6,0,0,18.2,0,65.4,0.4539,MEDIUM
15,20,227.5,91.9,77.9,3.7,81.6,-53.3,2.8,10.31,629.9,9.0,88.7,0,2,24.67,0,51.9,0.6082,HIGH
80,4,2881.8,30.0,28.6,79.2,91.1,-39.8,81.9,16.47,713.1,95.9,61.3,0,2,9.13,0,62.0,0.2861,LOW
77,11,2173.5,11.5,7.2,16.7,78.7,-32.6,77.3,17.22,553.2,89.2,7.5,0,1,11.01,0,54.2,0.4566,MEDIUM
14,40,1961.3,55.6,3.6,9.1,58.3,-19.4,51.6,11.27,875.4,96.3,58.3,1,1,15.78,1,43.1,0.422,LOW
92,40,2270.4,34.6,44.3,93.8,54.1,-26.7,49.7,10.5,859.7,80.8,10.3,0,0,5.59,1,48.7,0.397,LOW
53,17,1665.1,80.2,61.7,96.4,64.5,-33.1,83.6,13.98,442.3,29.4,94.9,0,1,25.2,1,60.9,0.3704,LOW
96,33,1507.0,87.9,86.9,61.6,28.8,-17.6,42.5,10.61,168.5,58.2,64.7,1,1,32.22,1,39.4,0.4363,MEDIUM
9,30,1431.2,47.3,11.1,37.9,81.2,-5.3,15.9,8.41,576.7,12.0,55.6,0,1,14.59,0,23.9,0.4219,LOW
25,38,1975.3,97.1,19.7,83.3,85.7,-40.5,31.3,1.8,620.7,75.4,19.8,0,0,26.52,0,63.2,0.5648,HIGH
62,36,724.4,55.3,53.0,20.5,26.7,-34.4,26.5,2.61,523.4,15.4,51.6,0,1,3.73,0,56.0,0.5401,HIGH
26,27,2681.0,27.1,36.4,42.9,90.3,-12.7,68.1,15.23,890.6,86.7,34.3,0,2,12.2,0,39.0,0.4125,LOW
43,18,2463.5,48.9,48.3,35.7,84.9,-8.3,17.9,0.59,93.0,24.1,67.5,0,1,1.59,2,36.6,0.295,LOW
81,27,1146.3,3.7,92.4,91.3,42.4,-5.5,64.5,1.14,287.4,16.0,60.4,1,5,7.43,0,50.2,0.6316,HIGH
21,15,1799.0,80.4,54.5,92.0,90.9,-42.4,46.6,18.1,865.8,7.1,49.9,0,0,7.57,0,49.5,0.5445,HIGH
83,16,551.9,10.1,41.5,65.1,12.0,-22.6,84.0,14.11,939.4,71.1,25.3,0,0,6.14,1,53.2,0.5839,HIGH
16,26,2921.2,30.9,98.9,11.1,2.8,-1.0,48.5,0.18,425.9,18.6,52.6,0,1,3.79,0,42.5,0.443,MEDIUM
25,25,2723.2,56.5,6.5,48.2,34.8,-31.5,93.0,6.31,192.6,19.8,46.2,0,2,14.47,0,72.6,0.5421,HIGH
73,25,2777.4,4.3,93.2,24.5,56.5,-29.2,90.0,15.29,420.3,17.0,85.1,0,0,5.23,1,58.6,0.5103,MEDIUM
97,18,1096.7,7.9,50.2,88.5,35.1,4.1,18.5,8.41,456.2,30.6,89.4,0,0,14.49,0,21.0,0.4017,LOW
24,19,632.0,69.6,50.4,13.8,94.2,-48.2,68.6,9.43,519.6,94.1,75.9,1,2,9.62,0,72.3,0.5953,HIGH
39,4,753.6,7.2,92.2,5.4,25.5,-12.7,21.5,9.23,274.4,48.7,32.0,0,0,12.71,1,30.2,0.4305,MEDIUM
112,26,406.5,47.7,50.7,70.4,28.1,-4.0,82.3,4.12,312.6,26.1,3.8,0,1,6.63,2,51.6,0.4911,MEDIUM
119,25,492.3,33.9,43.8,45.3,63.5,-46.0,63.6,14.46,655.6,17.0,92.5,0,1,9.55,2,62.6,0.4759,MEDIUM
72,38,353.2,22.8,27.2,83.8,0.4,-12.1,29.4,2.15,621.8,1.9,99.2,0,0,35.96,1,41.4,0.6242,HIGH
56,22,2971.0,18.9,65.9,7.5,72.8,-26.8,24.9,10.19,662.1,36.5,12.7,0,3,12.42,0,40.5,0.5911,HIGH
45,21,361.1,76.3,57.0,80.1,37.7,-3.8,43.0,3.48,377.3,11.0,68.6,0,3,25.24,0,38.5,0.4857,MEDIUM
76,6,527.7,95.2,21.4,3.7,97.8,-0.6,80.1,1.03,336.5,2.7,42.5,0,1,24.38,2,52.2,0.5405,HIGH
73,11,2507.7,14.0,70.9,2.8,69.1,-2.7,79.6,2.95,351.5,10.3,14.9,0,2,3.18,1,51.1,0.4638,MEDIUM
39,16,1803.7,96.0,64.4,46.1,5.2,-51.1,3.3,17.4,951.2,31.9,99.8,0,0,24.33,1,41.6,0.6021,HIGH
7,17,2357.1,59.5,39.7,22.1,9.3,-9.6,30.2,3.61,395.2,75.1,93.3,1,0,9.55,0,38.0,0.429,MEDIUM
22,17,1948.1,64.2,0.4,59.4,8.8,0.3,42.3,5.64,606.1,6.7,98.3,0,0,7.56,0,32.8,0.5153,HIGH
116,18,2664.2,71.0,44.7,2.6,95.3,-17.7,58.6,2.85,522.8,67.9,14.4,0,1,4.32,0,54.8,0.2824,LOW
53,32,1969.6,70.4,0.6,3.5,68.4,-18.9,15.0,14.74,876.2,62.1,49.2,0,0,3.2,0,25.6,0.4021,LOW
60,8,1638.1,82.0,7.5,72.7,42.8,-52.3,33.5,8.96,369.1,88.2,89.6,0,1,14.2,0,63.6,0.4027,LOW
59,16,2181.3,48.3,43.1,21.0,20.0,-3.6,88.6,18.88,434.1,18.4,67.5,0,2,3.09,0,35.0,0.3654,LOW
95,10,1425.1,53.3,8.2,65.6,87.4,-52.2,47.7,13.32,842.8,79.4,43.5,0,2,14.62,1,63.0,0.5448,HIGH
12,15,1136.3,32.4,27.6,75.0,20.2,-36.2,74.4,10.67,161.0,86.5,51.7,0,2,1.01,0,64.0,0.364,LOW
14,29,1482.8,10.5,65.5,5.9,70.7,0.6,48.5,13.17,594.3,97.6,3.9,0,2,4.65,1,25.5,0.4871,MEDIUM
36,5,633.7,66.5,30.9,77.0,76.3,2.0,46.5,0.9,399.9,80.9,61.2,0,1,8.52,2,40.2,0.4353,MEDIUM
61,16,2420.2,3.4,99.8,26.8,29.5,4.5,62.2,19.02,985.8,12.4,86.0,0,1,10.41,0,23.0,0.4895,MEDIUM
82,4,893.0,27.6,91.6,39.0,50.5,-26.4,25.9,19.13,721.4,94.7,0.3,1,0,4.87,0,29.4,0.4912,MEDIUM
61,39,587.6,9.4,58.5,8.7,22.3,-44.4,25.0,5.6,10.6,81.5,16.0,0,1,3.5,0,59.0,0.5172,HIGH
56,30,852.1,19.1,96.7,83.9,37.9,-25.7,98.9,12.6,839.5,21.2,51.8,1,1,7.8,1,62.6,0.5917,HIGH
113,13,2549.9,63.9,86.8,56.1,96.5,-48.9,86.9,4.12,703.2,16.5,56.1,0,4,6.26,0,85.8,0.4455,MEDIUM
23,11,1091.1,62.8,31.9,50.5,69.3,-2.6,73.8,10.99,561.0,93.6,34.3,0,1,6.93,0,39.0,0.2057,LOW
71,7,2105.2,42.1,75.0,96.9,84.7,-21.4,13.7,15.44,236.1,15.6,2.8,1,0,15.14,0,26.1,0.4638,MEDIUM
67,21,2590.8,9.0,13.7,33.5,54.1,-30.7,3.0,18.8,149.3,77.7,74.4,0,1,21.82,0,24.9,0.2979,LOW
59,31,371.6,43.3,68.5,89.1,23.9,-50.2,17.5,6.85,628.4,40.5,24.3,1,1,7.46,0,59.1,0.5709,HIGH
98,25,2330.3,35.3,49.1,72.0,71.3,-30.7,93.8,13.9,439.9,72.4,64.5,0,1,15.15,0,62.8,0.3666,LOW
35,36,1026.8,72.0,1.7,92.9,50.1,-3.0,81.6,14.36,861.6,9.2,55.9,0,0,6.42,2,37.8,0.5116,HIGH
115,16,767.4,57.9,27.4,90.8,17.7,-12.8,52.3,4.5,262.4,72.5,43.1,1,0,6.02,0,47.0,0.4125,LOW
43,14,2113.4,49.2,95.5,99.1,41.2,-50.1,96.9,12.62,637.5,51.2,59.0,0,1,7.77,0,79.6,0.4014,LOW
68,21,2742.9,48.7,31.6,13.2,63.5,-45.4,14.7,13.14,248.8,90.0,69.5,1,0,19.7,1,46.7,0.3933,LOW
65,11,990.8,96.6,18.1,79.6,73.5,-31.5,55.9,15.31,636.3,18.8,57.2,1,0,2.45,1,48.3,0.4772,MEDIUM
103,40,1771.2,75.6,18.8,80.4,24.3,-48.9,18.3,20.0,48.3,10.9,55.8,0,2,2.12,0,42.0,0.4632,MEDIUM
55,10,976.0,49.7,47.9,64.4,87.6,1.0,30.6,0.9,391.7,19.6,43.6,0,2,28.44,0,34.6,0.4417,MEDIUM
38,21,1729.7,47.9,84.3,27.9,38.0,-15.9,94.0,4.13,172.7,7.9,43.0,1,0,4.74,2,64.3,0.5052,MEDIUM
7,23,1922.3,2.6,75.8,96.5,27.1,-49.3,86.8,2.99,605.9,98.0,49.1,0,2,8.61,2,87.5,0.6123,HIGH
47,6,1889.5,94.3,43.7,20.4,19.5,-7.7,10.2,3.17,316.7,12.3,45.2,0,4,6.88,4,30.2,0.5419,HIGH
100,21,1927.1,31.9,20.9,50.0,80.4,-32.9,25.0,9.14,771.5,20.1,43.9,0,1,24.82,1,46.3,0.6289,HIGH
6,20,535.0,25.6,4.6,52.1,35.4,-40.3,59.5,17.58,114.6,81.0,21.0,0,2,19.56,2,53.2,0.4986,MEDIUM
108,13,2126.6,99.9,46.3,16.2,48.3,-20.8,6.1,9.03,556.2,24.7,72.5,0,2,3.46,0,31.0,0.4512,MEDIUM
67,8,2073.0,71.9,81.5,72.3,22.3,-54.2,55.0,13.4,593.7,22.2,13.3,0,1,10.48,2,66.9,0.5031,MEDIUM
21,5,2095.4,4.7,73.0,8.9,68.6,-27.1,58.4,7.59,22.1,67.2,90.9,0,0,12.54,0,55.7,0.41,LOW
40,4,361.1,6.2,40.9,69.3,78.1,-4.4,29.1,6.46,36.0,39.9,62.5,0,1,14.85,2,30.3,0.4082,LOW
69,21,1423.5,2.6,59.5,84.9,33.9,0.7,29.3,16.7,308.2,83.5,4.9,0,3,1.39,1,14.4,0.4366,MEDIUM
41,7,1315.8,60.0,43.6,34.9,94.5,-34.4,22.9,13.15,609.1,63.8,65.9,0,3,2.11,1,41.6,0.4577,MEDIUM
17,39,397.1,7.2,57.9,70.9,3.1,-16.5,93.6,7.08,962.6,28.8,36.2,0,1,15.6,0,60.9,0.5966,HIGH
82,13,783.7,93.3,51.8,15.7,13.3,-41.4,38.9,18.29,90.8,59.8,93.0,0,0,3.01,2,45.9,0.4472,MEDIUM
82,28,1406.7,93.7,68.1,84.6,58.9,-21.4,58.5,10.02,703.2,86.6,93.6,0,3,12.39,1,48.5,0.3832,LOW
18,28,2267.3,54.6,50.8,95.2,70.1,-39.8,30.2,3.85,692.7,36.4,84.6,0,1,3.64,0,59.7,0.4404,MEDIUM
37,22,825.6,61.7,94.1,15.3,25.1,-20.7,70.3,9.72,669.5,73.6,56.8,0,2,2.26,1,52.5,0.4439,MEDIUM
33,36,2514.8,29.2,42.8,69.2,55.4,-44.7,10.1,13.53,516.1,41.6,91.9,0,1,4.6,0,44.1,0.3773,LOW
81,8,1705.5,6.4,1.6,50.6,31.8,1.5,7.2,7.41,966.8,54.3,65.0,0,2,9.34,1,18.3,0.4526,MEDIUM
89,12,2317.2,73.7,23.6,53.1,55.4,-1.8,74.4,16.89,501.8,73.4,87.5,0,1,12.0,0,31.2,0.32,LOW
89,13,1496.8,10.2,50.1,70.6,65.9,-34.8,72.7,10.71,838.3,6.1,16.0,1,0,13.05,0,62.4,0.5925,HIGH
113,9,1572.7,8.6,54.1,48.9,97.3,-8.4,26.5,9.41,262.5,45.5,90.4,0,2,16.9,1,28.6,0.3749,LOW
94,14,1916.2,31.1,55.2,60.0,45.6,-49.3,35.5,17.19,806.3,9.5,66.2,0,0,4.83,0,51.8,0.4612,MEDIUM
42,15,2794.7,1.2,71.5,23.1,64.8,-10.6,95.7,9.31,996.5,72.5,30.3,1,5,16.25,0,54.6,0.6268,HIGH
17,32,1551.7,43.4,27.5,37.9,57.8,-38.1,10.4,8.35,910.1,60.8,99.8,0,0,10.02,1,45.9,0.4336,MEDIUM
76,15,1656.7,70.8,66.5,86.5,31.8,-46.9,18.3,2.16,304.1,32.7,68.7,1,3,11.21,1,62.8,0.5167,HIGH
111,36,1865.7,80.1,70.4,11.0,25.3,-14.3,43.0,7.31,846.2,7.6,90.8,0,2,38.13,2,41.3,0.6392,HIGH
118,32,2251.9,60.4,41.1,59.8,98.8,-26.8,28.2,8.0,95.3,92.6,0.6,0,4,14.41,0,44.4,0.3222,LOW
31,37,354.8,84.7,40.2,18.4,20.7,-23.2,64.9,3.69,677.7,31.5,55.2,0,1,8.07,1,60.0,0.5408,HIGH
32,7,1619.7,40.7,17.9,84.7,79.0,-23.8,69.1,11.8,342.1,27.5,71.3,0,5,7.06,0,51.7,0.5109,MEDIUM
9,40,1522.5,84.9,41.4,57.9,14.7,-51.4,52.6,2.96,658.7,10.1,1.4,0,1,9.41,0,77.1,0.5827,HIGH
21,26,2776.8,50.6,78.7,40.3,80.4,-51.9,61.1,4.55,412.2,57.7,76.3,0,3,2.58,1,78.4,0.449,MEDIUM
69,40,1556.5,22.3,90.9,25.0,18.6,-18.9,43.3,11.27,9.0,26.6,65.1,0,1,12.38,0,39.8,0.3669,LOW
68,17,1484.7,94.4,59.4,43.7,96.7,-17.6,76.0,5.45,231.3,84.3,27.5,0,4,9.32,0,57.6,0.3852,LOW
48,39,2892.3,27.5,29.9,95.8,68.6,-52.2,4.2,12.83,42.4,68.3,68.9,1,0,11.11,0,48.4,0.3485,LOW
40,25,1434.1,2.6,68.2,50.9,9.0,-32.3,31.3,13.84,427.3,0.4,13.1,0,2,9.99,2,42.1,0.5688,HIGH
101,6,665.5,24.3,74.0,46.9,69.3,-18.2,68.4,6.1,840.1,56.6,82.4,1,0,2.86,1,54.6,0.4127,LOW
58,19,768.2,36.7,33.2,74.6,60.4,-15.6,33.0,1.84,738.0,23.2,86.6,0,1,14.75,1,45.6,0.4113,LOW
98,9,421.3,35.1,82.7,37.9,33.8,-5.3,7.9,9.84,788.9,1.5,48.5,0,1,5.9,0,19.3,0.4487,MEDIUM
116,38,151.6,52.5,7.4,42.7,26.1,-29.8,34.5,1.95,807.2,61.9,50.7,0,1,18.25,0,56.3,0.6318,HIGH
41,15,1381.0,88.3,1.1,33.7,71.9,-22.1,71.1,10.35,371.9,20.5,40.2,0,0,15.62,0,53.0,0.4692,MEDIUM
28,12,2342.3,29.2,12.3,15.1,74.1,-20.3,12.2,14.55,506.0,90.0,34.5,1,0,27.4,1,25.8,0.3058,LOW
115,24,2240.4,52.1,15.6,71.4,32.7,-36.3,72.5,12.44,508.5,57.3,87.3,0,0,9.39,0,61.2,0.483,MEDIUM
78,19,241.6,34.0,87.9,87.3,87.6,-51.8,77.5,9.02,113.2,20.9,30.5,0,2,16.91,1,78.5,0.4377,MEDIUM
38,7,1774.5,82.2,42.5,90.6,26.9,-54.7,63.5,18.92,598.1,97.9,40.3,0,2,29.44,0,63.4,0.5181,HIGH
77,34,589.7,15.8,27.5,88.1,7.0,-4.8,24.4,2.12,720.2,54.6,30.0,0,0,5.48,0,34.4,0.4517,MEDIUM
64,35,2832.1,10.4,42.9,45.2,60.0,-43.0,80.5,17.61,611.0,16.5,65.7,0,3,19.76,3,62.4,0.5982,HIGH
110,31,627.0,50.3,39.5,28.4,10.7,-17.2,21.4,16.02,746.0,51.7,81.4,0,1,14.22,0,25.0,0.5188,HIGH
34,26,1935.9,67.2,30.1,63.8,27.7,-20.4,90.6,8.45,118.9,95.9,16.4,0,1,4.07,0,61.0,0.4146,LOW
120,18,1079.8,79.6,13.8,95.5,50.7,-31.0,70.7,3.14,761.4,42.4,25.5,0,1,8.55,1,68.4,0.4826,MEDIUM
113,24,1978.4,59.0,65.6,72.7,28.6,-5.0,5.5,3.2,208.1,42.5,10.4,0,0,42.02,1,26.6,0.3845,LOW
25,23,1324.9,77.4,13.7,49.5,21.5,-13.1,79.9,18.44,876.8,46.1,16.0,0,1,19.03,0,39.4,0.4462,MEDIUM
24,10,2315.0,39.3,77.5,68.9,70.3,-53.6,50.6,4.75,244.9,28.0,40.7,0,1,13.28,1,75.8,0.6447,HIGH
66,7,807.4,3.3,20.2,77.3,54.7,-8.4,45.3,17.49,492.0,16.2,77.6,0,0,5.61,1,25.1,0.4014,LOW
10,13,2731.5,11.6,73.1,91.9,84.0,-24.6,42.1,10.12,487.3,57.9,54.2,1,1,1.05,2,45.0,0.5295,HIGH
39,20,1575.6,3.9,80.6,76.3,58.1,-34.2,60.7,9.29,268.9,89.4,5.3,0,2,3.05,0,59.5,0.3875,LOW
55,9,2304.9,32.9,12.5,43.3,48.3,-11.4,72.5,12.43,361.7,73.6,62.5,0,1,9.67,1,43.1,0.3439,LOW
117,7,2571.7,49.5,8.7,27.4,26.1,-13.8,89.6,4.38,185.6,9.6,79.5,0,3,9.68,0,60.9,0.5476,HIGH
120,35,2996.7,35.6,95.0,50.0,79.2,-36.4,27.3,8.62,570.1,40.1,39.3,0,2,22.6,0,50.3,0.4488,MEDIUM
22,17,788.2,56.1,46.3,32.8,19.7,4.0,63.1,18.78,913.0,0.5,24.5,0,0,4.53,1,23.6,0.5785,HIGH
108,25,967.6,48.1,63.0,94.3,24.2,-16.1,68.6,4.84,316.6,30.8,76.4,0,0,4.19,0,54.7,0.4696,MEDIUM
15,23,863.7,67.8,2.3,50.8,84.2,-18.7,67.5,18.44,508.1,66.9,2.4,0,0,14.38,0,39.2,0.3906,LOW
91,31,899.2,66.7,27.9,47.2,74.1,-50.8,49.3,19.88,861.9,29.0,81.6,0,0,7.18,0,54.4,0.3763,LOW
103,31,1810.0,31.8,50.5,34.8,61.3,-38.2,39.1,1.13,452.5,84.1,80.4,0,2,7.11,0,65.1,0.3127,LOW
108,14,2981.5,34.6,88.6,63.9,3.9,-28.2,76.2,10.67,831.3,47.7,88.8,0,4,21.11,0,58.8,0.4281,MEDIUM
30,35,2972.3,58.5,27.1,52.0,12.7,-17.2,30.0,3.52,446.4,66.9,8.9,0,1,3.97,3,43.6,0.463,MEDIUM
108,17,1651.3,59.6,77.5,12.9,50.0,-24.2,20.8,12.47,440.2,88.4,10.8,0,0,19.02,2,34.3,0.4271,LOW
18,34,1971.2,31.5,66.2,86.9,74.6,-9.2,54.6,19.79,157.2,68.3,87.3,0,1,13.17,1,26.1,0.2352,LOW
65,18,2600.9,33.0,11.5,35.9,46.4,-39.2,26.8,17.95,125.0,89.7,47.5,0,0,6.6,0,40.5,0.2622,LOW
59,8,2808.9,69.4,29.3,43.3,1.7,-12.9,3.3,18.5,611.5,80.8,39.2,1,0,9.45,0,12.4,0.4222,LOW
41,32,731.0,64.7,23.8,20.6,18.4,-6.0,5.2,4.35,827.3,56.7,57.3,0,1,4.96,2,25.7,0.4289,MEDIUM
7,5,1656.3,13.5,44.3,55.3,58.9,-9.1,69.5,10.89,135.4,29.7,5.9,0,3,8.29,0,42.3,0.4544,MEDIUM
94,32,2523.6,44.1,63.5,70.2,69.4,-8.7,97.3,4.77,910.1,29.8,64.4,0,1,28.38,1,59.4,0.5171,HIGH
43,5,1014.1,89.3,43.3,88.1,3.3,-1.7,45.5,18.0,358.9,87.5,94.5,0,0,5.44,1,19.7,0.3196,LOW
81,11,1403.5,3.6,24.5,5.2,4.3,-49.9,14.7,3.9,425.3,5.4,67.6,0,3,1.84,0,61.6,0.5598,HIGH
52,26,2959.0,85.5,69.6,97.3,26.1,-13.2,81.8,3.16,894.5,94.1,46.5,1,1,9.66,0,59.3,0.4163,LOW
48,38,2957.4,16.3,58.4,70.4,8.4,3.1,26.1,0.34,896.3,32.7,96.1,0,3,25.17,1,33.7,0.4646,MEDIUM
107,19,2732.4,50.7,51.9,28.4,54.2,-20.6,99.6,3.72,524.9,73.9,68.9,0,0,11.36,1,70.2,0.4387,MEDIUM
15,8,2425.6,42.4,55.4,20.4,12.4,-42.0,56.3,3.88,276.8,33.0,5.7,0,1,7.9,1,70.4,0.569,HIGH
90,12,917.0,1.0,22.2,29.6,64.8,4.9,23.3,1.64,171.9,95.3,67.0,0,0,7.62,1,31.1,0.3075,LOW
91,37,1064.4,91.5,68.0,87.6,77.7,-44.5,49.6,17.37,271.6,3.6,6.0,0,2,19.4,2,53.0,0.5999,HIGH
49,30,1709.8,45.5,38.8,29.1,97.1,-34.9,33.5,15.62,780.6,35.3,30.7,1,1,12.41,0,42.6,0.5033,MEDIUM
35,7,1748.2,95.4,36.3,46.3,94.8,-44.7,77.9,5.16,324.6,86.7,61.6,1,2,14.35,0,78.3,0.4221,LOW
5,18,1590.7,28.7,15.0,70.6,27.3,-27.1,10.6,15.69,694.6,27.4,21.6,0,0,10.67,1,28.8,0.5445,HIGH
113,13,1964.5,86.6,59.7,87.2,2.9,-29.9,85.7,8.5,195.2,27.6,3.8,0,4,17.25,0,66.1,0.6692,HIGH
114,10,1313.7,92.2,60.3,65.9,32.9,-25.5,76.7,15.53,478.5,89.9,61.8,0,0,28.39,1,51.0,0.4094,LOW
32,35,2285.1,55.7,34.0,75.3,70.8,0.7,86.1,6.53,352.1,83.1,28.6,0,2,9.54,0,47.0,0.2256,LOW
8,26,1100.6,20.3,86.0,17.3,6.0,-26.3,89.5,11.34,503.6,10.6,53.3,0,0,12.25,0,61.3,0.605,HIGH
19,10,1092.4,68.5,84.5,87.7,36.0,-24.1,23.0,7.69,569.9,58.0,26.1,0,0,27.58,1,41.0,0.3789,LOW
12,28,512.6,54.9,10.9,27.6,29.8,-1.8,52.1,3.83,990.9,22.3,68.6,1,0,10.65,2,39.8,0.5011,MEDIUM
101,19,687.8,94.5,69.5,12.8,21.9,-5.9,85.0,11.75,899.9,21.5,89.6,0,0,19.22,0,44.4,0.6605,HIGH
108,6,2574.0,43.9,39.4,97.6,70.6,-40.6,37.7,15.04,695.9,61.5,8.7,1,1,4.66,2,48.9,0.575,HIGH
22,20,1421.9,26.9,100.0,20.2,65.9,-54.2,6.0,15.09,153.7,12.4,78.6,1,1,5.28,0,47.7,0.4239,LOW
91,10,799.4,13.8,22.5,13.7,53.5,-17.2,29.2,7.19,919.0,47.0,15.6,0,1,32.83,0,38.7,0.5034,MEDIUM
25,13,2314.1,69.9,28.1,62.6,91.1,-4.3,24.2,10.42,892.6,25.6,32.9,0,0,16.25,0,23.6,0.4486,MEDIUM
47,36,1728.8,97.4,44.2,31.9,10.3,-21.8,87.0,15.3,886.7,85.4,35.7,0,0,8.63,0,52.2,0.4074,LOW
74,30,210.3,2.8,26.9,13.3,15.0,-42.3,46.4,1.18,479.0,55.4,20.6,1,1,6.3,1,70.5,0.6048,HIGH
88,8,1051.6,74.0,69.2,60.1,38.3,-10.5,68.4,1.53,170.7,21.5,7.5,0,0,7.64,1,54.7,0.4008,LOW
106,35,654.5,92.7,48.1,75.9,65.6,-14.8,96.2,7.59,754.4,92.6,76.8,1,2,3.17,2,59.9,0.4058,LOW
10,25,2019.2,7.5,22.1,79.3,58.4,-21.1,29.9,4.55,388.5,82.3,79.4,0,0,15.32,0,45.1,0.3003,LOW
27,36,933.8,11.0,50.6,15.6,7.4,-3.2,76.1,7.56,344.6,26.5,99.7,0,0,14.25,1,44.5,0.5577,HIGH
37,31,335.1,69.2,88.9,55.7,95.8,-7.9,2.3,1.97,390.8,96.1,93.5,1,2,14.02,2,29.1,0.376,LOW
40,16,306.6,64.8,79.2,81.4,30.5,-14.9,10.4,11.88,559.1,26.8,43.5,0,3,23.59,1,24.6,0.4559,MEDIUM
120,23,1807.9,6.9,49.9,16.1,35.9,-15.1,16.2,13.47,333.5,29.3,13.3,0,2,10.21,0,24.8,0.4761,MEDIUM
95,23,211.9,83.4,28.8,20.8,62.4,-15.3,31.2,15.86,689.9,38.6,1.1,0,4,13.19,0,27.2,0.5254,HIGH
42,30,2569.1,52.3,18.0,0.2,94.5,-23.5,40.3,13.05,647.7,16.5,53.2,0,1,1.94,1,39.9,0.4742,MEDIUM
117,13,592.9,90.7,87.8,52.5,66.3,-27.2,47.7,7.99,508.9,68.7,86.1,0,2,16.36,0,51.5,0.4741,MEDIUM
62,16,1878.7,87.8,71.0,19.5,95.5,-12.4,24.5,18.71,54.0,55.7,26.8,0,3,14.5,1,19.2,0.2669,LOW
63,13,1417.4,81.3,57.2,72.4,18.8,-18.4,6.6,14.55,936.5,89.4,19.9,0,1,3.56,0,22.5,0.4089,LOW
55,14,1412.1,51.6,87.9,96.2,61.9,-25.6,67.8,10.6,411.7,24.1,43.9,0,1,8.66,0,54.1,0.4251,LOW
21,9,354.6,25.2,12.2,20.9,82.9,-47.4,2.4,4.22,449.5,17.0,89.4,0,1,21.44,0,55.0,0.4282,MEDIUM
113,5,2437.8,50.6,68.2,64.9,50.9,-12.9,80.9,13.01,456.0,35.9,45.2,0,0,12.89,0,46.4,0.5522,HIGH
6,38,2695.2,10.1,21.7,21.2,36.2,-16.2,92.9,11.88,365.0,14.6,72.3,0,0,5.9,0,54.4,0.6438,HIGH
25,6,181.4,65.9,12.1,1.8,98.5,-34.5,71.0,13.7,674.6,94.6,46.3,1,3,14.53,0,57.8,0.4657,MEDIUM
31,36,659.0,13.4,46.6,75.9,14.1,-33.6,59.6,15.64,13.9,71.7,37.3,0,1,30.82,1,50.7,0.517,HIGH
37,4,2726.1,51.1,38.7,43.4,41.1,-40.2,65.7,18.31,873.5,79.6,44.1,1,0,2.64,1,54.3,0.4462,MEDIUM
20,32,1716.1,5.4,94.1,94.7,87.3,2.7,65.2,18.99,102.4,74.8,76.8,0,2,15.96,2,24.1,0.3254,LOW
7,16,577.6,30.0,32.4,53.4,90.0,-3.4,93.2,12.64,999.7,24.3,75.4,0,3,12.53,0,44.3,0.4178,LOW
83,23,728.0,23.2,81.5,15.7,98.0,-21.3,96.4,19.32,628.1,14.1,43.2,0,2,3.25,0,50.1,0.3967,LOW
117,14,2031.0,62.0,74.9,45.0,88.5,-30.9,42.7,18.24,66.2,42.9,26.8,0,1,12.95,0,39.6,0.4534,MEDIUM
19,22,2215.7,78.7,66.8,20.3,5.1,-10.8,61.7,0.15,562.4,82.9,13.9,0,4,6.38,1,54.3,0.5074,MEDIUM
39,20,1858.4,5.7,92.0,87.8,93.0,-23.3,80.3,12.79,331.3,33.1,0.1,1,0,7.96,0,54.1,0.513,HIGH
63,23,2866.5,85.0,40.8,69.1,42.8,3.6,0.1,3.65,953.0,1.0,11.3,0,0,14.59,0,20.5,0.463,MEDIUM
112,18,1558.1,86.1,39.0,34.1,65.2,-51.7,52.7,5.97,755.5,66.0,16.5,1,3,14.18,1,73.6,0.5835,HIGH
85,23,1005.8,34.2,16.1,52.8,39.4,-52.9,65.3,6.02,507.0,20.0,69.0,0,3,13.98,0,78.8,0.5,MEDIUM
93,34,1510.1,65.9,27.6,66.9,81.4,-20.9,71.7,9.71,429.8,54.3,81.8,0,0,41.9,2,53.2,0.4328,MEDIUM
72,20,1175.0,40.3,88.0,78.3,57.6,-42.8,36.9,0.32,995.9,1.5,73.7,0,3,8.95,0,68.6,0.505,MEDIUM
53,17,789.6,15.4,47.4,8.0,84.6,-18.7,29.6,4.79,667.4,50.9,72.3,0,0,3.94,1,43.0,0.4936,MEDIUM
28,8,281.0,52.9,34.1,2.3,19.4,-8.1,18.2,0.68,513.9,39.4,99.4,0,1,16.09,2,36.4,0.417,LOW
105,17,1153.8,8.6,21.6,11.4,18.5,-46.7,55.8,13.05,397.9,88.0,96.3,1,0,12.47,2,62.2,0.4381,MEDIUM
98,8,2177.5,87.8,48.5,39.5,44.0,-28.6,91.9,17.8,324.6,72.2,26.9,1,2,6.64,0,55.7,0.3293,LOW
7,10,202.5,92.4,71.7,46.7,0.5,-13.7,89.6,19.96,705.4,3.6,14.5,0,1,6.28,1,41.4,0.5033,MEDIUM
87,39,1401.7,82.2,28.7,13.6,69.3,-5.0,36.0,9.03,587.9,79.0,15.3,0,1,24.64,1,29.9,0.4076,LOW
14,7,1985.4,56.3,75.8,41.1,29.6,-25.2,25.8,5.28,848.2,79.1,89.6,0,5,1.25,0,45.8,0.4752,MEDIUM
90,21,1889.7,55.8,63.0,44.2,55.7,-42.6,78.9,17.08,553.6,66.3,10.2,0,2,12.26,0,62.2,0.4372,MEDIUM
100,34,2363.4,98.5,78.8,10.9,7.0,-19.9,72.5,2.35,582.3,92.9,34.0,0,0,6.08,1,61.9,0.4554,MEDIUM
20,39,2460.0,24.8,25.1,91.7,17.1,-27.7,50.5,19.49,477.4,80.3,53.0,0,2,13.53,0,38.5,0.442,MEDIUM
55,9,2178.4,7.6,63.1,59.9,62.3,-8.7,38.9,14.33,762.6,21.9,61.3,1,1,5.31,0,27.0,0.4881,MEDIUM
19,10,443.0,56.2,15.4,38.9,30.6,-21.7,12.4,10.13,415.0,38.2,59.6,0,2,13.76,0,32.5,0.6114,HIGH
70,17,1503.8,32.9,36.4,50.7,21.5,-38.2,78.5,2.02,851.9,35.0,78.6,0,5,20.6,2,77.7,0.6106,HIGH
112,24,1869.7,32.2,72.4,31.4,22.9,-9.7,61.7,0.46,327.0,50.5,57.2,1,1,6.79,1,53.1,0.5272,HIGH
14,39,849.9,0.7,63.2,85.4,21.5,-23.9,37.7,10.94,692.6,95.4,85.1,0,1,7.64,3,41.9,0.5094,MEDIUM
51,11,271.3,59.6,18.8,57.5,62.3,-44.3,91.9,8.34,893.0,61.6,8.5,0,2,13.39,0,79.0,0.5231,HIGH
117,10,787.2,26.4,85.8,49.5,16.8,-21.2,66.0,16.87,769.1,31.3,85.9,1,1,17.06,0,42.4,0.5763,HIGH
39,13,1446.4,18.8,5.3,91.1,36.3,1.9,92.9,12.88,342.6,94.2,59.0,0,2,36.84,0,41.4,0.4307,MEDIUM
20,36,1329.7,4.0,59.5,83.8,68.8,-12.7,47.4,8.69,706.3,70.0,22.3,0,1,7.77,0,40.0,0.4539,MEDIUM
61,5,653.5,36.4,98.4,81.3,51.4,-37.1,45.5,4.6,207.0,26.6,97.8,0,1,7.64,1,62.2,0.4463,MEDIUM
63,18,2499.6,87.9,53.2,22.6,59.7,-12.3,93.7,9.66,58.2,90.7,94.0,1,3,4.2,0,54.7,0.3657,LOW
81,8,2788.2,33.7,80.1,15.3,25.1,-38.0,96.0,3.34,791.4,34.4,84.6,0,0,0.85,2,82.1,0.5092,MEDIUM
41,9,723.8,67.9,59.5,69.0,93.3,-22.4,96.1,13.37,808.0,51.6,91.2,0,1,20.72,0,58.2,0.5136,HIGH
115,37,2799.3,75.7,78.3,46.9,41.4,-23.4,81.9,12.15,22.9,47.9,38.2,0,0,9.27,2,55.5,0.4439,MEDIUM
65,4,200.9,32.8,65.6,68.4,28.7,-40.2,46.2,16.22,947.8,92.4,22.8,0,3,4.07,0,50.1,0.3569,LOW
38,15,2786.1,82.2,69.1,76.1,90.4,-34.1,21.0,9.05,445.9,26.6,18.3,0,2,18.6,1,45.8,0.3935,LOW
116,37,2863.0,69.2,22.8,29.5,65.5,1.5,38.3,5.65,905.3,33.3,87.4,0,0,16.06,0,31.3,0.3558,LOW
112,26,184.3,55.9,74.2,28.5,61.4,-40.0,93.8,16.74,788.2,66.0,82.7,1,0,7.56,0,66.0,0.5309,HIGH
62,6,2324.6,0.1,23.8,49.1,88.7,-6.9,36.4,13.85,900.7,88.7,98.1,0,1,12.64,2,25.4,0.3835,LOW
7,21,2915.1,3.5,98.1,27.4,5.9,-15.0,75.7,14.16,833.4,11.5,84.8,1,1,4.71,1,44.7,0.6348,HIGH
74,39,2731.8,99.1,22.8,66.7,83.8,-23.0,92.3,10.61,974.0,21.0,63.2,1,0,16.64,0,60.8,0.529,HIGH
69,18,2916.5,78.2,23.7,74.7,67.8,-46.7,97.0,17.53,629.1,94.8,14.2,1,4,6.49,0,71.0,0.4829,MEDIUM
22,23,1718.4,93.8,85.9,47.2,36.0,-42.7,94.8,4.63,227.3,77.7,16.5,0,1,22.36,0,83.4,0.5194,HIGH
78,23,372.7,90.2,24.3,72.4,25.6,-44.3,55.5,8.09,389.6,34.6,47.4,0,3,14.73,1,66.5,0.622,HIGH
102,28,2571.9,2.0,36.1,51.0,10.5,-19.8,49.2,15.95,751.9,35.8,76.8,1,2,3.35,1,36.7,0.6313,HIGH
17,10,1899.4,79.2,71.5,71.3,94.1,3.4,98.8,2.75,157.0,47.0,17.3,0,0,20.76,4,56.1,0.3065,LOW
88,35,1902.0,45.1,15.9,22.5,14.2,-2.4,21.8,16.18,929.8,67.4,91.6,0,1,19.64,0,14.2,0.4327,MEDIUM
21,40,1339.2,79.0,15.9,73.9,25.9,-53.5,18.8,7.12,205.3,56.1,68.4,0,1,17.88,0,61.6,0.4939,MEDIUM
91,9,1779.7,0.7,48.6,71.5,69.1,-38.6,96.3,2.6,876.0,77.6,31.2,0,1,18.56,1,83.5,0.5256,HIGH
53,34,587.7,28.8,24.4,26.7,71.0,-45.6,68.9,1.68,483.7,5.4,88.6,0,1,10.26,0,80.2,0.4332,MEDIUM
5,34,2258.3,75.1,23.6,55.6,16.1,3.5,53.6,16.88,840.6,81.9,59.9,1,0,12.48,0,22.7,0.3792,LOW
117,31,363.8,79.3,0.9,85.5,81.4,-40.9,13.2,15.59,958.3,5.8,73.3,0,2,8.83,1,39.9,0.6388,HIGH
24,17,2229.9,62.0,37.0,25.0,51.0,-42.9,51.3,5.83,422.1,88.1,38.5,0,0,1.92,0,66.9,0.3194,LOW
74,21,2569.6,30.1,31.8,73.6,84.8,-17.7,94.4,2.42,696.6,4.3,39.4,0,1,14.56,1,67.9,0.5594,HIGH
26,35,1496.5,31.0,3.1,95.4,8.7,-21.6,60.3,5.02,226.7,12.8,1.3,1,3,2.61,2,55.5,0.6476,HIGH
113,9,1603.0,96.7,62.1,86.6,4.3,-41.4,40.5,4.34,800.8,18.0,53.8,0,1,4.19,0,63.9,0.5161,HIGH
90,34,1039.8,43.9,62.7,40.2,63.7,-14.8,55.1,14.69,819.9,22.3,76.1,0,1,6.21,0,36.7,0.4146,LOW
98,38,2913.0,44.7,7.1,60.7,15.0,-49.2,88.6,4.39,295.2,40.2,96.9,1,1,10.75,1,86.3,0.6628,HIGH
55,29,2239.4,55.2,31.7,99.2,52.5,-53.8,91.3,4.4,24.1,65.5,89.2,1,2,32.16,2,90.6,0.5649,HIGH
59,16,1201.6,41.0,87.3,56.8,1.4,-50.1,40.0,0.74,431.2,89.3,8.7,0,5,6.17,1,74.5,0.473,MEDIUM
78,24,648.2,55.3,58.2,11.5,78.0,-33.1,60.8,11.98,170.0,52.5,98.1,0,2,33.9,0,55.4,0.4592,MEDIUM
96,5,775.8,43.2,41.2,4.5,90.0,3.5,27.9,13.81,818.6,53.2,14.9,0,2,19.26,0,17.5,0.371,LOW
103,38,1472.2,82.7,46.5,79.0,83.9,-22.2,45.1,13.1,261.1,31.9,4.1,1,2,13.31,2,40.6,0.5073,MEDIUM
7,16,2836.3,90.9,20.8,42.4,95.8,-9.7,22.0,11.42,943.7,80.1,74.9,0,0,5.6,1,25.5,0.2964,LOW
81,6,2242.3,93.2,81.2,24.7,90.3,-35.7,53.1,19.32,971.8,11.0,90.6,0,1,10.87,0,45.4,0.4469,MEDIUM
17,33,763.4,56.4,91.4,34.8,44.4,-11.8,57.8,9.51,908.8,30.1,95.0,0,0,11.53,1,41.9,0.5075,MEDIUM
38,28,2599.7,44.2,91.1,75.7,39.8,3.0,33.8,17.22,599.6,9.7,82.5,0,1,16.49,2,15.3,0.4288,MEDIUM
101,27,1227.9,70.5,22.4,46.5,89.6,-33.5,27.2,12.96,267.4,21.4,20.5,0,1,5.86,0,42.7,0.3985,LOW
34,6,2577.4,83.8,31.1,86.8,92.7,4.9,15.1,1.77,807.3,58.7,15.4,0,0,19.67,0,28.1,0.4711,MEDIUM
97,31,838.8,56.3,16.1,73.5,97.3,-16.7,14.0,16.22,701.6,12.6,5.9,0,1,9.95,1,21.8,0.4078,LOW
58,27,1913.2,70.0,30.7,97.4,76.8,-10.1,71.1,11.73,977.2,10.1,58.2,1,0,14.53,0,42.6,0.582,HIGH
31,33,2791.0,75.0,33.3,88.9,20.2,-39.9,22.2,13.11,377.3,82.6,48.7,0,1,9.35,1,45.4,0.4613,MEDIUM
43,34,885.0,67.6,63.3,25.5,94.5,-16.4,11.8,3.69,58.8,11.8,10.9,1,0,24.29,2,36.4,0.5785,HIGH
66,11,2124.8,74.6,19.0,65.9,94.7,-24.3,99.9,8.81,998.4,60.8,46.5,0,1,4.43,0,66.6,0.5954,HIGH
93,11,2963.8,20.9,91.9,2.1,66.6,2.4,26.0,17.62,838.3,35.2,56.7,0,2,12.74,2,12.1,0.4421,MEDIUM
75,38,579.2,49.8,10.3,99.1,85.7,-0.7,89.6,4.39,221.5,89.6,72.3,0,2,3.28,1,51.4,0.2885,LOW
113,23,401.9,58.8,0.7,26.1,56.1,-31.2,60.9,0.1,725.6,70.8,41.4,0,2,15.38,1,68.9,0.593,HIGH
105,20,2071.5,0.2,85.5,66.5,94.4,1.8,71.5,5.22,0.7,5.9,31.8,1,1,4.11,0,43.5,0.5426,HIGH
92,14,1118.2,85.6,70.4,84.9,9.4,-1.9,56.1,9.8,557.8,89.5,66.6,0,2,8.44,1,33.8,0.2937,LOW
74,27,353.0,61.0,35.5,16.0,86.4,-19.6,18.1,16.44,362.8,41.4,68.4,1,1,7.68,3,25.0,0.4737,MEDIUM
38,31,1504.6,12.9,59.5,84.8,5.6,-50.1,84.7,12.9,381.3,29.8,27.0,0,0,39.44,0,75.0,0.817,HIGH
52,4,2298.2,81.6,22.4,1.2,33.9,-45.4,82.8,18.39,244.5,67.3,2.0,0,3,5.75,0,64.0,0.5105,MEDIUM
18,24,962.6,71.7,16.8,44.2,13.5,-50.4,35.0,9.17,274.8,71.8,94.6,0,0,19.77,0,62.4,0.5134,HIGH
48,40,1104.9,75.8,47.1,47.2,47.9,-48.5,76.4,7.88,454.7,30.3,75.5,0,1,0.81,0,77.2,0.5531,HIGH
112,14,2560.2,39.2,35.3,37.4,23.2,3.6,54.3,4.71,248.1,35.2,20.1,1,3,10.77,1,38.1,0.6767,HIGH
54,14,1632.2,85.4,61.5,58.6,95.2,-42.3,90.9,4.44,466.4,15.6,56.6,0,1,25.0,1,82.0,0.5239,HIGH
18,36,2551.8,41.4,21.8,91.5,55.9,-13.5,80.3,14.75,577.3,59.3,59.5,0,2,2.05,0,44.5,0.4864,MEDIUM
80,6,1422.2,57.1,66.3,32.7,89.8,-16.8,4.1,1.7,711.1,95.7,12.6,1,0,19.18,1,36.5,0.3686,LOW
116,18,2866.0,0.1,76.7,57.9,27.8,-17.1,87.9,4.93,677.1,41.7,19.2,0,0,9.4,1,62.0,0.5791,HIGH
105,20,2004.8,64.5,16.7,87.7,2.6,-42.6,96.9,17.73,242.0,99.6,95.7,0,3,1.18,1,67.7,0.3984,LOW
36,33,480.3,71.8,4.4,77.3,77.6,-20.2,74.2,11.58,39.2,17.6,50.8,0,1,21.09,2,51.2,0.3933,LOW
57,8,2672.5,56.7,44.0,4.1,70.2,-17.5,12.0,1.03,832.7,79.6,19.1,0,1,15.91,0,40.6,0.3611,LOW
66,20,1544.4,49.7,77.4,94.3,54.5,-20.8,80.7,14.11,872.3,92.8,79.8,1,1,5.07,1,50.7,0.4398,MEDIUM
33,9,553.7,81.0,65.1,4.7,81.5,-43.8,64.7,10.18,978.9,68.8,47.1,0,0,16.59,0,66.8,0.5346,HIGH
36,33,585.2,68.1,70.2,58.9,84.0,-11.6,33.9,17.1,959.7,10.9,63.8,0,0,2.23,1,23.9,0.3287,LOW
32,27,2109.5,27.8,40.3,57.5,58.8,-50.6,88.4,13.68,633.8,32.7,29.8,1,3,6.53,0,75.6,0.6849,HIGH
120,22,285.0,95.9,23.5,78.6,96.6,-19.5,56.6,0.19,894.3,8.6,5.8,0,2,10.57,1,58.8,0.4984,MEDIUM
91,18,966.8,70.7,53.2,14.8,72.0,-28.8,85.3,4.19,448.0,60.2,16.5,0,3,10.16,0,70.6,0.5091,MEDIUM
102,9,548.4,98.8,20.4,17.9,67.7,-40.0,67.0,5.23,787.3,99.8,97.3,1,0,14.22,2,71.0,0.4635,MEDIUM
99,38,1407.1,97.1,72.6,75.2,36.1,-6.6,28.9,14.07,955.3,37.5,62.4,0,2,38.8,0,22.3,0.4778,MEDIUM
116,27,1330.9,91.9,19.7,15.0,0.2,-44.4,97.5,10.24,796.3,16.3,83.1,0,1,12.12,0,78.6,0.6907,HIGH
17,15,1637.3,75.5,29.1,46.9,24.1,1.0,57.1,14.97,415.8,26.9,2.2,1,1,12.36,1,26.3,0.5822,HIGH
107,19,947.0,60.9,50.7,73.2,76.4,-1.9,51.7,10.31,377.8,57.1,76.5,0,0,22.42,2,31.6,0.3982,LOW
12,30,241.3,17.2,48.7,65.1,71.0,-33.4,40.4,6.61,291.5,56.9,48.5,1,1,10.11,2,55.2,0.5266,HIGH
60,30,1901.0,54.3,60.1,21.1,33.1,-36.7,13.6,2.16,367.1,23.0,66.5,0,1,1.69,1,53.8,0.4105,LOW
73,21,1215.1,76.5,43.7,30.4,62.6,-46.8,68.6,4.13,820.6,75.1,35.8,0,0,11.25,1,77.9,0.5578,HIGH
46,15,2006.3,52.1,91.9,96.9,19.5,-0.0,43.1,8.08,701.5,8.8,62.1,0,4,1.45,1,30.0,0.4241,LOW
21,28,459.7,86.8,84.0,44.9,26.4,-17.3,93.5,11.07,249.9,62.3,3.6,0,1,21.0,1,56.5,0.466,MEDIUM
27,28,189.3,11.0,87.9,4.4,94.7,-53.1,96.5,18.78,711.5,42.6,4.6,1,0,10.47,0,73.9,0.5565,HIGH
100,26,857.6,38.1,63.0,22.0,41.3,-24.3,76.8,4.87,379.4,12.7,79.9,0,1,13.8,0,63.5,0.5455,HIGH
41,6,1451.2,50.6,63.5,34.2,24.5,-49.9,24.2,13.36,557.8,63.4,12.4,0,3,4.5,0,53.1,0.442,MEDIUM
40,21,1273.1,43.2,60.9,99.9,48.7,-20.6,71.6,3.14,370.4,67.3,1.4,0,1,4.7,0,61.1,0.4047,LOW
112,26,2459.4,10.9,43.5,30.3,38.7,-24.5,2.0,14.3,521.6,44.0,91.2,0,2,15.76,0,25.6,0.5399,HIGH
21,39,1226.8,15.4,32.2,2.6,73.0,-50.0,82.6,0.33,729.8,79.8,26.6,0,1,8.43,0,89.9,0.4446,MEDIUM
111,23,1661.8,83.8,59.2,51.3,96.2,-6.0,49.4,13.15,731.1,50.9,58.2,0,2,5.78,0,30.2,0.3359,LOW
111,16,1841.5,48.4,2.6,8.4,59.2,-39.3,93.7,3.35,753.2,28.6,83.9,0,3,25.0,0,82.2,0.5624,HIGH
74,24,212.2,4.9,0.7,27.4,59.1,-22.5,37.8,3.69,391.0,95.4,74.6,1,0,11.46,0,50.0,0.4677,MEDIUM
24,10,1618.1,1.6,85.2,99.2,36.5,-16.7,26.3,11.22,690.5,94.4,4.7,1,3,6.48,0,32.3,0.4484,MEDIUM
23,7,1132.8,47.3,4.6,70.5,56.5,2.7,99.5,7.57,238.7,9.6,56.1,0,2,11.98,0,50.4,0.5177,HIGH
38,29,1350.6,16.4,52.5,5.1,31.9,-25.4,53.1,9.48,477.4,94.6,54.2,1,4,7.45,0,50.2,0.4121,LOW
71,40,435.8,70.5,61.5,44.9,0.1,0.0,86.3,6.25,583.1,77.5,35.0,0,2,14.83,1,47.4,0.5456,HIGH
22,35,2381.0,79.5,19.8,17.2,86.6,-33.7,91.1,19.07,686.5,10.7,75.4,0,3,4.26,1,57.6,0.5202,HIGH
57,25,2835.9,22.8,89.6,12.3,42.9,-3.6,51.8,5.88,912.0,51.9,96.4,0,2,21.24,0,38.4,0.5086,MEDIUM
18,5,213.5,59.2,19.0,58.7,49.2,-40.9,45.6,10.89,304.8,3.5,14.7,1,0,7.44,0,57.1,0.6227,HIGH
67,40,1863.9,15.4,88.5,50.6,8.4,-12.6,55.3,17.1,845.3,58.9,14.5,0,3,3.17,0,32.1,0.4295,MEDIUM
7,20,2327.0,30.4,76.3,74.3,83.7,-49.7,84.8,13.32,311.1,93.3,73.5,0,0,3.56,1,74.2,0.308,LOW
87,14,961.7,88.9,24.1,89.2,17.0,4.2,96.5,6.52,551.9,36.8,45.4,0,1,8.9,1,50.6,0.5286,HIGH
11,37,2394.5,54.4,15.1,24.7,41.1,2.2,32.8,11.09,828.1,50.9,79.5,0,0,5.82,0,22.6,0.307,LOW
27,31,1952.2,88.6,31.6,92.3,84.0,-28.5,73.9,1.75,723.1,22.8,14.1,0,2,2.6,1,69.4,0.4248,LOW
25,31,2798.1,22.5,39.8,51.8,45.8,-23.6,28.5,10.96,862.9,54.1,4.0,0,2,2.75,0,38.4,0.4247,LOW
101,14,2945.9,33.0,24.6,25.9,93.1,-19.1,61.1,8.68,814.9,80.3,69.8,1,1,10.55,0,49.4,0.3612,LOW
11,40,270.7,47.1,99.9,84.6,20.9,-38.5,80.5,15.18,276.3,21.5,99.5,0,2,12.48,2,62.2,0.4807,MEDIUM
54,20,1418.1,48.0,23.0,3.6,71.5,-14.5,88.6,16.97,992.9,55.3,9.5,0,2,11.11,0,45.3,0.5511,HIGH
73,23,1708.9,99.8,83.1,56.0,97.8,-13.1,44.9,4.07,937.0,35.5,86.4,1,1,24.51,1,45.2,0.533,HIGH
64,31,568.2,11.4,15.9,72.2,55.0,-23.5,37.0,1.72,430.2,74.8,38.5,0,2,13.8,0,52.9,0.555,HIGH
83,28,1108.4,85.2,98.0,28.0,69.2,-46.1,25.3,7.87,47.2,70.2,1.7,0,0,6.41,0,57.5,0.367,LOW
98,10,2964.8,86.4,22.6,86.3,39.3,0.2,13.3,10.73,303.5,69.9,51.0,0,0,55.43,0,16.2,0.4185,LOW
50,15,196.3,55.3,42.2,24.0,75.1,-48.1,36.5,7.6,836.2,37.8,27.9,0,1,4.89,0,63.3,0.4975,MEDIUM
101,17,1439.6,34.4,55.9,84.0,90.9,-17.2,87.2,12.61,950.9,59.9,69.3,0,0,2.29,1,52.3,0.4201,LOW
41,39,2551.6,51.9,12.0,7.9,70.3,-48.8,41.9,10.16,831.7,65.1,28.8,0,2,16.36,1,62.5,0.5579,HIGH
119,30,1073.1,29.2,81.7,16.0,93.6,-46.2,31.7,18.74,396.7,68.1,48.2,1,1,32.28,0,46.3,0.5328,HIGH
63,17,1517.4,79.9,27.5,38.1,58.9,-53.8,73.9,8.25,56.5,57.5,20.1,1,2,18.76,1,79.7,0.5998,HIGH
90,31,2937.4,49.8,54.9,85.4,57.7,-33.2,21.6,1.74,517.6,86.7,82.8,0,2,8.51,0,54.5,0.376,LOW
106,31,1503.4,92.6,55.0,14.5,30.5,-16.6,25.6,6.11,376.4,24.9,92.5,0,0,5.37,0,38.4,0.5326,HIGH
96,18,523.1,62.3,60.3,87.5,71.0,-23.7,93.6,12.16,123.0,5.6,40.3,0,0,15.56,0,59.8,0.4324,MEDIUM
103,18,297.4,51.4,5.5,23.0,88.2,-14.5,8.2,5.19,105.9,96.3,44.9,1,1,8.87,0,31.9,0.3049,LOW
67,37,2844.4,71.1,16.9,45.3,64.6,-14.5,41.5,5.45,153.0,6.1,98.3,0,1,8.13,0,43.3,0.4054,LOW
10,24,907.6,50.4,16.1,35.3,23.3,-46.6,57.7,6.86,205.8,90.3,14.2,0,2,25.84,1,70.5,0.509,MEDIUM
62,9,1586.6,90.5,30.2,11.8,54.4,-51.6,23.0,14.95,753.8,61.2,80.9,0,0,1.76,1,51.9,0.3767,LOW
26,30,408.5,18.4,14.5,94.4,75.6,-17.5,28.1,18.81,381.7,91.9,56.7,0,1,13.31,0,24.0,0.2774,LOW
108,25,1357.4,97.3,92.2,43.8,93.9,-15.8,22.2,7.07,436.9,56.5,88.1,0,0,5.71,2,35.4,0.247,LOW
32,22,2800.8,81.2,51.3,69.0,15.7,-21.6,34.5,3.99,598.4,82.1,29.2,0,4,10.21,1,47.8,0.467,MEDIUM
31,30,1581.9,86.1,62.4,57.5,12.7,-40.3,89.9,8.47,960.1,72.1,29.6,0,1,4.76,1,75.2,0.5285,HIGH
33,37,2917.7,48.3,35.7,50.2,41.3,-6.4,43.2,7.1,756.5,52.5,32.6,0,4,8.88,0,35.9,0.3569,LOW
79,16,887.7,83.7,27.6,61.7,12.6,-50.5,41.8,19.8,645.7,36.3,1.7,1,2,43.67,0,51.6,0.6359,HIGH
71,19,1588.0,30.7,50.3,89.8,98.0,-17.1,38.7,9.33,743.8,0.3,17.0,0,2,17.55,0,39.3,0.62,HIGH
115,11,2599.7,76.2,29.4,69.9,42.4,-47.8,96.4,13.62,719.3,25.1,99.5,1,3,15.55,0,76.5,0.6527,HIGH
53,27,1427.5,14.0,34.4,53.2,53.4,-15.7,11.7,18.28,690.2,95.2,24.9,0,0,10.43,1,17.7,0.3906,LOW
37,18,946.5,30.7,45.3,64.5,22.7,-29.9,87.2,12.62,496.4,27.5,2.0,0,1,9.74,0,61.5,0.5045,MEDIUM
10,16,2588.1,44.6,50.6,60.6,44.9,-11.9,32.7,5.06,566.8,75.2,27.9,0,0,10.96,0,38.8,0.3904,LOW
5,29,1261.2,32.2,98.4,43.3,98.5,-51.9,95.7,12.19,461.5,50.8,40.8,0,1,14.44,0,81.0,0.4583,MEDIUM
48,19,1662.6,38.7,22.3,62.5,48.9,-21.7,31.5,8.1,395.0,30.9,54.8,0,0,17.78,2,41.7,0.4384,MEDIUM
112,21,2933.1,82.0,48.8,44.4,0.9,-46.3,8.3,8.5,270.8,99.1,6.9,0,3,34.87,0,51.0,0.442,MEDIUM
65,20,681.5,25.7,15.0,75.8,24.3,-14.1,52.0,19.59,355.2,4.7,79.0,0,3,8.48,0,29.0,0.4681,MEDIUM
108,13,1009.0,74.5,35.0,96.9,97.8,-47.8,22.8,5.64,428.5,58.2,82.6,1,0,25.42,1,60.7,0.3721,LOW
16,8,238.5,7.4,71.7,96.0,98.9,-50.6,75.3,9.43,579.4,46.2,21.3,0,2,35.12,0,76.4,0.4958,MEDIUM
15,34,1266.7,76.6,17.4,82.1,21.0,-12.2,65.7,3.28,499.9,7.7,79.8,0,1,18.72,0,52.8,0.5502,HIGH
101,7,720.5,79.2,58.1,60.2,61.5,-51.2,68.6,3.65,107.9,21.4,36.1,1,5,9.61,0,81.7,0.4902,MEDIUM
17,16,2088.1,40.2,41.7,74.9,7.7,-41.5,19.3,12.11,340.0,69.4,42.3,0,0,18.81,0,46.8,0.4133,LOW
11,28,666.8,72.2,5.2,17.8,57.7,-5.5,70.9,15.05,376.2,10.8,93.6,1,2,2.47,1,35.0,0.4181,LOW
51,8,2073.2,91.5,93.3,47.9,12.6,-6.4,31.1,12.77,706.9,80.1,89.2,0,0,31.25,0,24.6,0.4469,MEDIUM
112,28,900.9,80.1,41.4,25.7,81.9,-3.8,99.9,6.65,332.9,62.5,37.5,0,2,19.96,0,54.4,0.5505,HIGH
84,31,1162.4,39.0,78.4,0.3,94.0,-35.4,73.2,1.29,8.0,10.1,48.8,0,2,9.31,0,74.8,0.568,HIGH
16,28,1144.3,48.4,41.6,96.7,17.3,-23.3,59.0,9.46,84.3,28.7,28.7,0,0,8.79,3,50.8,0.5502,HIGH
102,15,2192.7,77.9,93.7,86.4,46.3,-8.6,86.7,10.13,497.0,13.7,51.5,0,1,3.09,1,48.9,0.4542,MEDIUM
102,4,1479.6,29.3,29.0,51.4,10.2,-46.8,58.9,15.44,188.5,79.8,68.2,0,3,22.06,0,60.4,0.4782,MEDIUM
97,36,1179.7,80.4,41.2,25.4,33.9,-11.5,55.3,12.84,494.6,53.3,9.3,0,2,8.94,1,36.7,0.473,MEDIUM
109,16,2580.0,32.8,75.9,69.3,6.5,-49.2,23.7,17.44,574.2,0.3,92.0,0,0,33.07,1,47.3,0.5402,HIGH
32,33,1780.1,80.6,34.4,43.5,26.5,-0.2,67.8,15.68,933.4,54.3,71.9,0,1,2.43,1,29.3,0.4748,MEDIUM
118,11,759.4,8.7,36.4,80.3,99.0,-16.8,37.5,7.38,655.6,48.3,9.7,0,2,4.84,1,41.1,0.4875,MEDIUM
42,10,2715.3,4.4,99.5,100.0,4.5,-25.4,4.3,12.68,31.0,64.3,86.9,0,0,4.36,0,29.1,0.3434,LOW
98,32,1126.6,99.8,55.6,34.9,85.9,-25.9,81.6,14.97,380.7,3.5,74.4,0,0,0.72,0,53.7,0.4481,MEDIUM
72,38,261.1,86.9,68.9,24.4,7.7,-44.1,5.2,19.14,793.5,3.5,31.3,0,2,16.4,2,35.0,0.5752,HIGH
95,35,1559.6,88.3,64.3,26.7,52.9,-34.2,67.2,8.5,260.6,34.9,52.1,0,2,3.73,0,62.8,0.4185,LOW
77,31,503.2,95.1,82.8,9.3,45.2,-11.4,15.7,13.0,925.0,68.9,86.0,0,0,4.86,0,22.5,0.4407,MEDIUM
79,13,829.6,43.8,86.2,39.4,93.2,-22.5,43.3,7.91,529.0,66.7,96.8,0,0,3.94,0,46.6,0.331,LOW
76,37,2279.3,28.7,56.3,1.7,19.9,-23.2,85.9,14.78,92.4,27.8,28.1,1,0,7.55,0,53.5,0.543,HIGH
95,28,522.6,13.0,29.5,11.4,18.0,-43.3,9.4,18.25,241.7,21.6,65.1,0,0,28.77,2,37.0,0.5242,HIGH
90,10,2449.8,50.1,2.3,27.2,74.9,-13.6,66.7,18.39,906.3,68.3,86.0,0,1,14.44,1,35.2,0.4546,MEDIUM
20,8,2820.2,22.0,61.4,16.0,72.6,-31.5,61.3,3.23,991.5,2.7,98.8,0,0,11.83,1,65.3,0.4617,MEDIUM
100,36,1878.6,93.6,82.5,73.2,69.9,-44.0,86.8,4.16,863.0,55.7,7.1,0,0,10.23,1,82.2,0.4265,LOW
67,14,2174.5,0.4,45.1,10.6,2.6,1.6,17.3,15.12,320.7,42.4,50.4,0,0,6.6,0,12.2,0.3551,LOW
42,32,2183.7,14.3,16.5,86.6,26.0,-24.6,80.0,12.66,768.8,23.9,87.4,1,0,6.69,0,55.1,0.5775,HIGH
64,9,2979.5,24.6,28.8,22.1,84.0,-23.3,45.0,18.11,222.2,52.0,0.3,0,0,11.4,2,35.1,0.4659,MEDIUM
117,14,1123.4,19.9,51.0,10.9,60.1,3.9,42.9,6.34,384.5,21.7,43.7,1,0,26.67,1,32.1,0.5796,HIGH
104,14,614.1,22.6,83.7,1.0,60.2,-33.0,36.2,16.98,697.2,56.4,58.4,1,0,6.21,2,40.4,0.4849,MEDIUM
101,14,1629.6,65.6,17.2,71.5,29.6,1.6,38.6,13.71,968.9,14.9,52.6,0,2,20.39,0,21.4,0.5109,MEDIUM
58,28,1669.8,32.8,61.2,25.7,26.0,-13.3,52.0,3.99,439.2,40.6,73.3,0,1,4.11,0,47.9,0.401,LOW
95,37,657.1,61.5,75.3,50.9,94.7,-17.0,10.7,2.62,495.8,51.0,6.6,0,1,16.31,0,37.8,0.4934,MEDIUM
49,37,1897.4,89.0,93.6,11.2,72.8,-40.9,42.5,14.08,220.2,3.2,78.5,1,3,25.97,0,52.0,0.5864,HIGH
84,31,190.3,60.3,11.7,98.5,12.7,-51.9,65.2,3.25,403.2,61.1,28.3,0,1,9.63,2,81.5,0.5867,HIGH
79,11,2793.9,69.5,92.6,12.5,93.8,-28.7,49.8,15.91,63.0,75.0,82.4,0,1,6.64,2,43.4,0.2001,LOW
33,39,904.0,36.6,60.1,41.2,58.2,-54.4,16.6,11.19,858.6,95.6,41.9,0,1,16.27,2,56.4,0.3744,LOW
35,24,262.7,16.0,76.7,85.2,33.3,-50.7,36.3,9.59,23.3,20.3,4.3,0,1,30.87,1,62.6,0.583,HIGH
12,24,458.5,32.1,5.4,24.5,39.7,-19.3,44.3,5.58,683.5,20.9,96.4,0,1,19.77,0,47.6,0.5141,HIGH
21,29,834.7,96.4,50.6,26.7,72.5,-11.5,66.9,19.68,273.2,30.5,78.1,1,1,33.69,0,32.2,0.4949,MEDIUM
55,32,930.6,62.2,62.3,80.8,37.6,-44.9,90.1,14.47,476.1,89.1,34.8,0,0,10.36,2,71.1,0.416,LOW
60,39,243.5,27.8,30.7,27.3,57.9,-11.0,55.0,15.58,281.6,40.7,27.0,1,2,9.88,1,32.8,0.5103,MEDIUM
24,25,946.2,45.1,43.2,0.3,71.0,2.0,67.6,15.4,400.1,30.2,58.9,0,2,2.71,1,29.4,0.3264,LOW
53,26,699.9,83.6,55.4,42.8,19.5,-10.4,7.7,11.72,546.8,74.1,98.7,0,0,6.41,1,20.6,0.2639,LOW
75,31,1229.1,66.8,55.3,1.3,94.4,-7.9,95.4,18.8,640.9,3.8,29.0,0,1,9.33,0,40.6,0.5044,MEDIUM
31,13,1247.7,56.1,4.2,91.0,35.6,-13.0,31.5,11.72,940.3,54.9,94.8,0,0,10.06,2,30.8,0.4453,MEDIUM
44,15,1116.2,88.5,43.9,64.2,41.9,-41.5,35.4,10.45,332.2,45.0,33.0,0,1,16.06,2,54.5,0.4553,MEDIUM
47,27,1084.6,67.2,21.4,58.3,69.9,-33.3,22.3,5.55,584.9,62.5,70.4,0,0,6.97,0,50.1,0.4017,LOW
63,6,405.7,64.3,91.7,20.2,60.9,2.0,8.5,5.71,901.7,73.1,38.2,0,2,7.31,1,20.8,0.3646,LOW
47,15,221.8,19.0,97.7,70.0,44.0,-15.3,79.0,14.76,290.2,32.5,8.5,1,1,37.53,1,45.3,0.6203,HIGH
90,30,726.0,10.6,30.0,67.7,65.0,-7.7,24.0,6.76,865.0,63.6,93.6,0,2,0.76,1,30.6,0.4383,MEDIUM
42,40,2306.5,96.5,17.5,6.0,90.3,3.1,28.3,14.6,957.6,52.4,16.4,0,1,1.12,0,16.7,0.4081,LOW
55,23,2973.8,59.9,22.0,88.1,80.0,-41.1,18.2,19.06,847.5,13.4,94.5,0,1,4.71,0,37.4,0.4926,MEDIUM
49,18,2796.3,41.6,47.8,57.9,82.4,-35.7,97.5,8.84,569.9,88.2,10.3,0,0,1.04,0,74.0,0.245,LOW
26,20,1587.0,58.9,87.5,79.2,25.8,-16.3,78.1,2.04,722.1,75.5,26.7,1,1,1.37,2,61.6,0.4563,MEDIUM
84,29,1665.7,6.2,50.0,26.3,41.9,-53.5,93.0,13.36,481.1,92.2,92.1,1,0,7.69,1,79.8,0.5574,HIGH
32,24,1046.6,82.2,5.5,12.2,55.4,-20.7,86.2,0.29,597.3,72.0,65.9,1,1,12.98,0,69.9,0.4839,MEDIUM
39,4,2355.7,21.7,4.0,70.2,4.4,-6.5,90.6,15.76,974.5,24.5,18.9,1,2,7.45,1,41.7,0.612,HIGH
96,23,2329.6,80.5,22.7,79.4,77.0,-18.4,47.9,10.56,251.1,43.1,59.2,0,1,13.55,1,41.9,0.4007,LOW
115,18,2556.2,53.4,84.3,38.6,32.3,-37.3,17.1,9.85,792.5,38.7,18.0,1,0,17.85,0,45.8,0.5572,HIGH
82,29,2702.2,27.7,62.1,2.4,28.3,-11.6,32.7,11.43,506.2,3.6,87.4,0,4,11.91,1,30.6,0.5243,HIGH
111,36,1387.9,3.0,56.3,81.8,25.9,-46.2,29.2,10.38,176.9,41.1,5.0,0,1,13.52,1,55.8,0.65,HIGH
104,39,2335.6,81.6,31.9,20.6,28.3,-1.3,71.7,6.54,643.5,34.6,53.0,0,2,8.24,1,42.9,0.5295,HIGH
60,26,2448.2,17.6,92.9,33.9,33.8,-48.9,2.6,5.7,792.4,0.4,6.3,0,5,6.96,0,54.3,0.5788,HIGH
94,17,1029.1,5.2,33.1,62.8,60.5,-3.2,14.2,8.36,568.8,84.7,69.5,0,2,0.92,0,21.8,0.253,LOW
43,20,2798.3,75.6,83.5,10.0,58.4,-25.1,68.3,17.91,837.4,14.4,93.6,0,0,18.49,1,44.8,0.5646,HIGH
58,10,418.9,35.0,89.6,7.2,25.6,-29.3,12.3,2.79,365.9,50.1,83.1,0,3,11.52,0,47.1,0.4259,LOW
67,38,2983.7,38.9,48.3,2.6,20.6,-25.0,4.8,6.56,913.8,78.5,37.2,1,0,12.79,0,36.7,0.6651,HIGH
116,35,2344.8,24.7,89.4,91.7,82.6,-43.0,10.9,3.93,648.3,60.4,23.7,0,1,2.57,0,55.2,0.4436,MEDIUM
103,35,415.8,85.9,27.7,31.1,9.3,-27.5,69.1,8.6,803.2,16.9,12.1,0,1,4.98,0,58.4,0.6193,HIGH
61,16,2020.3,29.7,65.8,66.1,51.3,-4.0,13.9,2.76,273.0,61.8,87.4,0,2,7.89,0,29.3,0.355,LOW
80,15,247.4,21.0,8.8,98.9,52.1,-6.9,14.6,15.24,446.1,75.8,8.1,1,1,3.7,3,16.1,0.5161,HIGH
28,35,2345.0,30.9,47.4,66.9,57.4,-45.2,23.0,2.16,909.6,85.5,62.9,1,2,11.78,0,63.2,0.3563,LOW
98,24,2427.8,20.3,21.7,52.5,88.6,-14.6,75.1,13.34,50.9,31.9,36.7,0,1,11.18,2,45.2,0.3493,LOW
69,30,1866.9,31.8,6.3,52.1,62.4,-3.6,20.0,5.43,404.0,3.4,99.6,1,0,10.66,0,27.8,0.5579,HIGH
66,22,2592.1,8.3,0.4,37.7,97.4,-5.8,3.5,9.5,780.3,60.8,50.9,0,2,18.3,1,18.6,0.5155,HIGH
93,20,429.0,15.9,32.5,60.0,87.1,-29.5,90.6,4.08,743.8,22.6,54.9,1,2,11.98,0,73.1,0.5208,HIGH
78,27,936.4,41.7,59.0,95.9,21.5,-52.1,87.6,14.63,851.6,78.1,91.8,0,0,24.56,0,75.3,0.3909,LOW
13,34,1330.4,87.9,45.5,78.8,24.1,0.9,18.5,18.97,739.4,68.0,97.0,0,1,12.29,0,7.8,0.3458,LOW
38,16,271.0,5.7,30.2,42.4,34.5,-31.2,26.5,4.51,947.1,77.3,58.4,0,4,5.88,1,51.3,0.5488,HIGH
25,33,1427.4,21.3,99.1,33.2,39.2,-33.3,18.9,19.07,498.3,96.8,79.6,0,1,9.92,0,32.0,0.3497,LOW
90,13,905.9,90.8,94.0,88.4,55.3,-9.4,72.0,6.57,624.3,58.5,63.5,0,1,0.48,2,48.8,0.3336,LOW
9,18,1269.3,89.0,12.6,13.6,23.3,-39.2,25.0,11.2,847.7,90.4,42.7,0,1,12.9,0,48.3,0.3617,LOW
28,37,1361.5,67.9,41.5,85.0,22.2,-4.9,93.1,14.06,701.7,64.2,5.7,0,0,5.11,0,43.6,0.414,LOW
74,39,2656.3,24.0,64.9,25.5,38.1,-50.4,82.8,4.07,102.1,18.2,71.8,0,1,10.98,1,85.5,0.5286,HIGH
85,38,920.5,42.0,73.3,71.6,67.2,-10.6,58.8,8.95,367.0,79.9,70.0,0,2,5.81,0,42.1,0.2841,LOW
63,15,2697.2,21.1,36.6,80.6,68.8,2.9,0.9,1.45,552.6,69.4,11.7,0,3,3.71,2,23.5,0.286,LOW
104,35,1364.0,12.9,74.6,47.7,97.6,4.7,88.4,13.97,754.7,97.8,23.0,1,1,29.78,0,38.5,0.4952,MEDIUM
111,38,1084.3,38.0,12.4,19.2,20.2,0.4,72.8,8.39,543.6,24.3,73.2,0,3,5.72,1,40.0,0.5763,HIGH
20,40,1582.2,57.6,33.2,84.5,39.3,-2.8,78.8,17.84,777.5,33.3,15.0,0,0,4.86,0,32.3,0.4103,LOW
115,4,1340.6,36.0,71.6,36.8,96.5,-38.3,7.2,5.55,837.6,82.1,69.1,1,3,16.53,0,48.4,0.4275,MEDIUM
76,31,883.5,61.1,62.6,32.1,69.0,3.0,70.9,18.48,265.1,6.3,71.8,0,2,7.69,0,26.7,0.3735,LOW
78,40,1582.6,29.6,83.7,51.0,59.2,0.7,80.5,2.91,616.1,63.3,35.3,0,1,5.36,0,49.5,0.3869,LOW
16,32,582.6,34.6,4.7,43.5,54.0,-22.9,95.7,12.18,557.1,53.5,25.8,0,2,16.86,0,59.9,0.5597,HIGH
77,12,1153.0,79.1,17.4,68.3,7.6,-30.9,58.0,6.23,227.3,16.9,37.3,1,0,9.69,0,60.0,0.6203,HIGH
89,32,1762.5,87.8,4.8,13.7,89.3,-48.4,50.8,3.72,489.9,16.5,35.9,0,2,18.44,0,73.3,0.6336,HIGH
72,7,1328.2,32.2,19.2,43.6,62.6,-19.6,42.5,1.97,548.6,81.0,60.7,0,2,25.15,1,51.7,0.5203,HIGH
14,21,2498.2,57.2,0.4,89.2,57.2,-13.0,70.1,13.15,817.3,1.5,74.4,0,3,7.54,1,42.6,0.5657,HIGH
65,27,881.7,27.8,50.4,3.6,54.0,-30.8,92.1,4.74,461.0,74.7,86.2,1,2,15.9,0,73.7,0.7059,HIGH
113,20,2913.8,5.3,52.8,45.7,39.2,-30.6,60.0,11.5,80.9,73.3,3.0,0,2,25.93,1,53.9,0.5943,HIGH
88,29,2386.5,73.8,65.8,66.1,25.5,-20.6,22.7,19.59,487.3,65.0,72.7,1,2,30.61,0,23.4,0.3912,LOW
20,12,2907.6,17.1,38.5,88.8,75.5,-53.3,1.8,6.39,838.0,41.0,31.4,0,1,6.31,3,56.4,0.5375,HIGH
116,26,2538.7,42.6,0.3,59.4,51.0,2.5,61.9,0.8,571.3,2.8,83.9,0,2,20.3,0,45.7,0.4492,MEDIUM
116,27,555.0,48.7,67.4,82.4,3.4,-37.6,86.5,2.94,318.9,80.2,7.6,0,2,1.14,5,78.9,0.5103,MEDIUM
24,27,1650.4,18.4,5.4,22.3,39.9,-46.5,6.6,2.47,921.0,12.6,55.1,1,1,12.16,0,58.0,0.7528,HIGH
97,14,634.4,9.5,86.6,35.3,92.9,-54.7,39.8,9.32,155.7,28.1,54.9,0,0,2.93,0,67.1,0.5972,HIGH
52,15,2481.9,34.8,2.3,94.2,37.4,-3.6,94.0,14.92,326.9,94.7,32.7,0,1,7.54,1,41.9,0.3996,LOW
73,13,1814.9,95.2,53.0,88.6,41.3,-3.2,50.2,6.0,437.1,30.2,97.0,0,2,39.68,0,37.4,0.4899,MEDIUM
56,21,900.8,61.5,89.5,55.8,62.4,-49.3,22.1,3.0,738.0,25.5,10.7,0,2,18.69,0,64.8,0.5634,HIGH
95,25,2799.4,38.1,57.2,47.5,80.2,-45.9,35.4,12.85,835.7,97.3,13.6,0,1,3.0,1,54.7,0.5,MEDIUM
120,17,478.3,3.9,60.8,45.1,66.8,-28.1,40.8,6.09,58.6,8.6,64.4,0,2,4.0,0,52.1,0.41,LOW
97,19,1757.0,60.0,68.2,5.9,85.0,-43.9,11.7,11.55,792.0,16.1,51.4,0,1,21.68,1,46.6,0.7131,HIGH
113,14,2205.0,9.2,12.2,89.2,11.4,-10.9,66.1,18.68,720.5,43.8,26.4,0,1,21.2,0,32.7,0.5257,HIGH
114,12,317.7,54.3,67.5,81.8,92.5,-51.5,59.2,5.9,894.7,78.8,30.4,0,0,21.97,2,75.8,0.3934,LOW
15,28,1853.9,75.2,88.0,45.6,90.4,-22.0,64.8,10.3,900.4,88.4,15.7,0,0,12.12,0,50.8,0.3538,LOW
34,34,2475.3,42.4,97.4,27.9,51.9,-32.0,61.1,16.16,777.5,75.6,86.8,1,2,18.64,0,49.5,0.4409,MEDIUM
88,14,342.5,29.9,44.3,34.3,62.5,-27.1,1.7,13.87,190.2,97.6,57.0,0,2,7.82,1,28.0,0.3166,LOW
73,35,1609.9,4.7,34.5,12.3,21.3,-29.5,17.4,15.05,313.9,1.7,24.5,0,0,7.55,0,33.7,0.4254,LOW
10,25,886.9,2.5,75.3,72.2,44.8,-45.8,16.6,15.47,936.3,62.0,39.3,0,1,11.63,2,44.8,0.5429,HIGH
16,10,2039.3,43.0,54.3,55.7,20.3,-41.8,9.8,10.84,598.2,11.6,90.7,0,2,5.28,1,45.3,0.5351,HIGH
65,17,488.2,88.3,25.7,23.4,2.2,-51.1,73.5,10.77,538.8,91.0,88.7,0,1,4.56,0,74.4,0.5432,HIGH
76,4,2820.6,24.4,17.2,62.3,98.1,-48.1,12.0,14.41,915.7,93.5,6.9,0,2,15.2,1,46.2,0.4744,MEDIUM
24,5,2700.0,57.4,17.0,97.9,25.9,3.7,66.8,13.98,874.2,30.3,65.4,1,1,16.16,0,30.9,0.6537,HIGH
24,16,680.0,68.4,45.9,12.2,59.3,-38.2,17.8,13.43,727.5,82.8,15.3,0,4,4.66,0,42.2,0.4063,LOW
20,20,1071.3,6.1,17.0,45.8,30.0,-36.6,11.8,7.7,882.3,63.0,21.1,0,2,6.35,0,46.1,0.5424,HIGH
70,33,1824.8,15.3,2.0,49.4,37.1,-47.4,16.3,16.59,113.8,10.0,86.4,0,3,13.71,1,44.4,0.3899,LOW
5,8,2196.5,33.1,5.2,16.7,39.8,-9.7,50.8,4.8,757.5,60.3,89.5,0,0,12.89,2,43.8,0.4809,MEDIUM
71,35,1411.6,67.0,93.0,53.2,33.5,0.4,64.5,3.2,965.6,97.6,8.3,0,1,12.13,2,43.6,0.4568,MEDIUM
60,12,595.4,43.9,7.3,60.6,63.7,-7.6,81.2,6.97,49.0,30.8,87.4,1,0,4.87,2,50.2,0.5066,MEDIUM
59,9,446.8,73.4,7.3,15.7,96.1,-18.2,12.9,5.15,223.0,0.1,72.8,1,1,43.2,0,36.3,0.4652,MEDIUM
83,29,2999.3,86.8,45.1,15.5,42.9,-6.2,61.6,13.3,794.0,97.7,77.6,0,2,7.01,0,34.4,0.3575,LOW
65,32,1447.8,75.8,24.5,85.6,97.3,-30.7,77.4,4.7,520.0,41.4,79.2,0,0,14.11,2,68.5,0.4485,MEDIUM
89,26,2636.7,99.2,96.3,31.1,66.8,-3.4,31.2,13.16,86.6,43.1,50.7,0,0,3.69,1,21.9,0.295,LOW
93,8,1524.8,75.4,91.1,63.0,60.7,-7.1,8.0,10.31,268.0,71.3,94.7,0,1,9.69,1,20.1,0.2961,LOW
111,8,2778.7,85.2,40.5,62.7,23.7,-54.9,15.6,3.13,324.1,60.4,20.0,0,2,4.56,1,66.5,0.4579,MEDIUM
97,18,400.1,83.2,44.9,83.9,6.3,-25.7,9.2,5.24,321.1,30.2,50.5,1,1,6.79,0,40.4,0.5,MEDIUM
65,20,475.0,73.0,37.5,74.0,85.2,-39.1,88.7,10.48,877.7,10.0,31.9,0,0,12.3,0,71.4,0.5095,MEDIUM
62,40,2799.5,80.2,3.8,84.1,57.4,-49.8,37.7,14.69,662.0,82.7,82.2,0,1,24.27,0,56.1,0.533,HIGH
32,14,2850.4,93.5,29.3,62.5,41.4,-4.2,52.3,8.03,734.9,48.3,8.3,0,0,6.22,0,36.3,0.518,HIGH
74,11,1046.9,47.5,12.3,44.9,81.2,-54.5,76.9,4.73,13.6,67.2,43.4,0,1,11.87,0,85.6,0.4199,LOW
21,38,1162.2,63.8,10.2,39.4,31.1,-11.2,37.1,5.97,427.5,86.1,77.3,1,4,13.98,2,38.7,0.6703,HIGH
113,9,1439.5,51.5,56.1,37.9,78.4,4.3,64.9,1.99,317.8,1.8,31.2,1,0,16.67,0,45.2,0.4643,MEDIUM
103,4,1336.1,85.1,9.9,41.8,32.8,-26.1,7.7,0.6,851.9,85.9,24.0,1,2,1.61,1,45.9,0.5821,HIGH
18,19,691.6,43.1,10.3,12.9,92.1,-32.7,48.1,19.47,953.9,75.2,26.3,1,2,18.39,2,41.3,0.4751,MEDIUM
96,18,2710.4,82.0,48.1,42.4,26.8,-18.7,9.7,2.02,423.3,94.7,71.4,0,0,14.1,0,39.5,0.3848,LOW
18,26,871.9,79.9,44.2,38.9,13.8,-6.7,24.8,2.59,973.1,23.4,28.7,0,1,12.12,2,35.3,0.6016,HIGH
88,36,2160.0,96.2,13.8,3.5,69.8,-40.6,29.3,17.43,14.4,32.2,40.3,0,4,5.61,1,43.0,0.3931,LOW
15,38,341.4,24.9,0.4,27.5,16.3,-40.0,71.8,13.3,325.7,66.1,54.6,0,1,12.92,0,62.6,0.4972,MEDIUM
61,14,260.4,71.0,19.3,75.2,94.9,-18.6,67.4,8.78,774.9,92.6,94.1,0,0,35.78,0,51.1,0.5214,HIGH
81,40,2013.1,75.7,23.6,57.8,65.6,1.4,74.7,13.02,360.1,99.3,79.4,0,1,22.48,2,34.9,0.3068,LOW
89,27,1116.2,93.6,80.0,80.6,23.1,-37.1,6.2,18.71,921.0,41.7,18.5,1,0,7.51,0,30.8,0.4817,MEDIUM
53,6,2018.1,90.7,91.5,54.3,20.9,-32.4,99.4,2.08,218.5,53.9,88.3,0,3,11.99,1,80.8,0.4937,MEDIUM
111,38,418.0,57.4,40.6,85.4,92.4,4.6,5.4,4.95,795.7,17.1,84.5,1,1,12.26,1,20.7,0.4487,MEDIUM
94,9,2857.1,57.9,40.5,79.6,60.8,-44.4,82.6,17.22,201.7,69.4,74.5,1,0,8.41,2,64.7,0.3288,LOW
29,25,2283.3,16.7,71.2,9.8,89.4,-50.4,74.0,15.63,197.1,83.7,51.7,1,2,3.1,1,68.0,0.4868,MEDIUM
82,33,2647.4,97.5,62.7,97.7,11.0,-19.6,59.2,19.89,445.7,79.9,7.0,0,0,7.61,0,35.1,0.3561,LOW
89,13,538.9,25.5,18.4,1.5,92.5,-53.5,43.9,6.35,944.9,34.6,71.2,0,1,14.84,0,71.3,0.6165,HIGH
43,14,1062.5,72.5,10.8,59.7,52.0,-44.2,75.7,18.9,585.5,96.3,51.8,0,0,7.47,2,60.0,0.4476,MEDIUM
90,21,1199.8,79.6,43.8,79.3,66.8,-17.7,74.0,6.94,635.0,12.0,31.0,0,0,9.69,0,55.1,0.4858,MEDIUM
109,36,1680.9,44.1,56.5,33.2,37.3,-15.4,13.7,14.33,9.7,49.4,1.0,0,1,24.47,1,23.1,0.4398,MEDIUM
99,12,996.1,21.1,13.9,59.9,5.9,-24.4,79.3,17.67,56.6,55.5,23.1,1,3,9.74,0,48.4,0.471,MEDIUM
93,28,322.8,18.9,29.3,36.2,95.8,-32.0,7.9,3.5,66.9,53.7,60.6,0,1,10.21,0,46.7,0.4424,MEDIUM
78,20,1201.3,85.6,30.6,6.1,99.5,-20.4,50.1,4.19,819.6,75.8,11.2,0,1,11.22,0,52.1,0.4221,LOW
36,8,875.5,51.1,26.1,0.8,36.5,-16.4,64.5,11.66,236.9,61.0,65.5,1,1,6.94,1,44.9,0.468,MEDIUM
97,30,1249.9,9.0,46.1,9.5,94.4,-6.8,82.2,16.89,328.8,7.7,82.0,0,1,18.8,1,37.6,0.543,HIGH
47,34,711.3,71.7,65.3,9.8,16.8,-7.4,46.3,1.67,610.0,18.0,31.8,1,2,3.7,1,44.5,0.6289,HIGH
66,25,896.4,25.0,50.9,61.1,15.5,-15.1,23.7,17.03,584.0,53.2,8.2,0,1,6.91,1,23.0,0.4414,MEDIUM
41,10,1936.8,87.6,20.1,52.6,7.3,-1.3,49.1,6.93,410.5,69.5,14.0,0,1,12.03,2,34.5,0.4996,MEDIUM
41,9,1256.2,31.0,10.3,45.5,39.1,-4.7,25.0,8.18,4.3,51.4,35.8,0,2,7.84,0,26.9,0.4285,MEDIUM
23,19,1134.3,20.0,82.2,69.2,5.2,-47.0,52.9,6.86,449.6,35.6,81.3,0,3,28.76,0,69.1,0.5937,HIGH
116,22,1671.6,8.5,47.9,1.7,39.5,2.4,46.3,18.24,738.9,5.1,63.4,0,1,10.29,0,18.4,0.5687,HIGH
22,24,2349.8,51.2,6.2,27.1,13.8,-1.5,78.1,2.7,235.2,78.6,86.8,1,1,10.08,1,50.1,0.4091,LOW
15,13,1229.8,45.1,25.8,77.7,73.1,-35.7,24.0,11.53,708.4,49.7,99.4,1,3,4.65,1,45.0,0.4896,MEDIUM
113,22,1824.4,75.1,80.4,91.0,83.3,-53.8,20.0,3.05,15.2,53.9,20.3,0,0,7.97,1,67.3,0.3796,LOW
69,14,2903.7,46.5,75.2,43.8,68.8,-18.8,47.4,18.58,908.0,46.9,69.5,0,3,18.24,1,32.0,0.4856,MEDIUM
55,29,1637.6,34.4,87.6,8.1,20.0,-28.7,5.1,15.98,950.0,26.5,46.7,0,0,5.85,2,27.7,0.4103,LOW
90,33,2742.9,26.2,60.2,79.9,76.7,-10.0,22.9,4.75,2.5,27.6,49.3,0,2,2.07,1,34.4,0.3637,LOW
49,28,2412.0,27.8,42.3,88.5,25.0,-23.5,35.4,6.03,457.8,6.4,32.6,0,1,9.05,0,46.9,0.4551,MEDIUM
19,4,317.3,92.8,42.7,41.4,75.9,-50.4,48.8,7.69,413.8,70.8,34.3,0,0,10.65,0,69.1,0.472,MEDIUM
89,40,1372.9,16.5,19.4,24.3,56.7,-40.3,26.9,8.17,841.9,27.2,67.6,0,0,7.29,2,53.5,0.5049,MEDIUM
25,4,2140.2,98.8,65.1,4.4,36.7,-2.0,56.1,16.37,540.7,29.9,62.1,0,2,24.71,1,25.6,0.5975,HIGH
69,40,2962.1,32.7,58.5,59.1,8.3,-52.7,87.8,11.33,611.4,99.4,31.9,0,2,39.62,0,79.9,0.4912,MEDIUM
115,5,1456.4,8.8,15.5,91.0,82.8,-10.8,54.4,8.62,202.5,38.6,11.9,0,0,11.98,0,41.1,0.446,MEDIUM
113,23,414.4,24.9,88.6,67.8,94.0,-37.5,28.7,14.42,77.1,51.1,57.8,0,0,7.91,0,44.3,0.3297,LOW
46,7,1751.7,5.8,36.8,31.7,66.6,-27.8,6.2,9.21,692.3,38.6,73.9,0,0,14.85,1,35.9,0.6363,HIGH
95,7,510.7,79.0,5.0,64.3,96.5,-23.1,13.7,2.65,620.7,29.0,55.9,0,2,24.83,0,43.3,0.5726,HIGH
76,29,2291.8,51.3,32.8,83.2,93.4,-40.0,56.1,2.24,832.3,0.6,0.4,0,1,6.23,0,70.9,0.6221,HIGH
60,30,1596.9,33.7,87.0,47.6,19.5,-15.9,68.4,6.59,844.7,85.5,28.2,1,0,17.58,1,52.3,0.6548,HIGH
21,8,2211.8,66.2,91.7,82.0,73.1,-13.4,5.0,12.1,631.0,47.3,77.9,0,1,9.05,0,21.4,0.3216,LOW
48,40,2627.7,63.1,49.0,39.2,34.9,-49.9,18.6,2.78,538.4,72.0,74.3,1,0,21.57,1,64.3,0.504,MEDIUM
80,15,1942.5,94.0,95.6,34.9,48.8,-32.6,31.9,11.05,914.0,95.9,1.0,0,1,4.65,1,46.1,0.4077,LOW
119,15,1895.5,96.1,87.5,58.3,15.7,-10.3,32.0,5.47,801.3,0.3,47.0,0,1,26.9,0,36.9,0.5721,HIGH
5,14,2300.5,68.1,82.5,46.5,97.5,-11.7,95.8,13.94,882.4,67.5,43.7,0,1,12.26,0,49.6,0.2199,LOW
88,21,2551.0,81.8,86.0,97.7,72.6,-22.3,20.4,0.66,995.8,11.9,65.2,0,2,14.81,0,47.5,0.4527,MEDIUM
103,10,2626.8,79.2,38.2,51.6,26.7,-8.3,6.3,9.43,403.5,45.8,12.5,0,1,4.02,0,21.5,0.4064,LOW
115,19,253.8,49.1,75.6,38.5,37.1,-48.5,35.3,1.14,716.9,84.7,62.1,0,1,3.91,1,71.2,0.4324,MEDIUM
54,11,1735.1,70.4,57.7,39.5,42.2,-47.9,13.4,6.68,688.1,7.1,94.7,0,3,13.17,0,56.2,0.4378,MEDIUM
18,5,766.4,7.8,72.0,54.8,74.8,-15.6,12.7,0.41,174.1,99.0,37.2,0,1,15.14,1,40.3,0.3441,LOW
36,17,2602.0,75.8,17.8,35.5,92.6,-13.4,40.7,9.44,636.5,58.1,33.7,0,2,8.46,1,37.2,0.323,LOW
103,28,1997.9,96.2,73.1,72.3,32.1,-6.1,30.6,15.36,428.1,39.5,2.8,0,1,16.26,2,20.9,0.5138,HIGH
106,32,1347.6,8.5,95.8,38.1,47.3,-44.1,9.2,2.09,450.6,2.0,5.7,0,0,3.99,0,57.7,0.5391,HIGH
78,17,686.1,83.6,30.3,38.4,59.3,-24.0,60.4,14.73,180.1,58.7,93.2,1,1,2.89,0,45.2,0.2608,LOW
19,15,1116.2,93.3,98.6,61.7,39.3,-15.4,50.2,11.73,744.7,49.5,97.6,0,1,11.27,0,39.1,0.3719,LOW
19,33,2155.8,22.6,37.8,6.1,50.4,-41.6,7.7,10.14,697.9,21.5,0.6,0,1,3.85,1,45.3,0.6025,HIGH
60,29,732.4,52.5,20.0,65.5,10.6,-24.0,86.3,12.03,532.3,49.0,90.1,0,0,2.12,0,57.6,0.4751,MEDIUM
73,34,416.7,92.8,11.2,50.5,16.8,-16.7,28.5,6.78,156.7,1.3,17.4,0,1,4.98,0,38.6,0.4646,MEDIUM
8,37,2680.9,96.0,78.5,45.3,40.1,-42.1,96.1,14.24,556.9,99.9,56.1,0,1,14.77,1,71.5,0.3798,LOW
84,34,2328.0,12.8,55.5,71.9,91.5,-32.5,93.2,15.62,100.1,33.2,67.8,0,1,12.08,1,61.7,0.4228,LOW
68,38,719.4,34.9,30.7,75.8,34.9,-42.0,43.4,15.59,339.4,48.0,35.9,1,2,25.04,0,51.2,0.5183,HIGH
6,19,983.1,69.8,60.8,84.6,25.0,-0.8,22.9,5.46,372.4,78.5,52.9,1,1,12.68,1,26.8,0.3074,LOW
16,18,2920.4,22.2,33.2,37.5,74.3,-40.8,83.5,13.11,883.4,71.3,62.8,0,1,4.13,0,67.5,0.442,MEDIUM
57,15,2168.3,32.5,44.8,32.7,94.9,-47.7,36.1,3.05,415.6,88.9,19.4,1,0,15.46,0,68.5,0.3505,LOW
88,12,1890.0,2.3,86.3,71.4,45.9,-52.9,16.4,9.96,598.5,94.1,99.4,0,2,6.09,1,56.8,0.4846,MEDIUM
100,31,1026.7,15.4,66.8,58.2,0.9,-52.3,55.2,0.15,874.8,18.9,20.4,1,2,8.33,0,82.2,0.7911,HIGH
55,30,1002.5,56.2,76.2,63.2,68.8,-43.5,48.9,3.95,425.8,39.0,1.0,0,1,6.18,0,68.8,0.3817,LOW
39,33,262.6,65.3,58.3,55.6,41.5,-18.5,85.0,12.67,883.7,68.7,94.4,1,2,3.63,1,52.4,0.4133,LOW
117,10,2226.2,64.9,99.1,77.3,67.4,-53.9,72.9,17.5,136.5,4.5,42.9,0,2,53.45,0,67.8,0.4976,MEDIUM
58,22,273.0,77.8,24.1,19.0,27.8,-37.8,87.6,1.08,364.8,71.7,39.9,0,0,5.33,0,81.8,0.4777,MEDIUM
41,12,163.8,41.5,26.2,55.6,0.2,-51.5,73.5,11.22,94.7,0.5,27.6,1,0,1.83,0,74.2,0.6238,HIGH
56,37,2229.1,27.3,9.3,15.8,34.4,-30.8,64.2,12.77,560.9,91.4,2.6,0,2,16.77,2,53.9,0.5385,HIGH
6,13,2854.3,1.6,55.4,40.7,70.5,-52.1,50.0,18.65,957.3,71.8,26.5,0,0,1.33,1,57.1,0.5083,MEDIUM
40,9,2306.0,20.7,61.3,66.4,39.3,-18.5,98.8,13.14,657.0,56.5,39.3,0,1,9.1,1,56.6,0.591,HIGH
64,25,1494.2,31.2,72.6,49.3,21.9,-13.7,95.9,2.15,626.1,42.9,52.0,0,0,18.55,0,65.8,0.5352,HIGH
111,36,1535.2,17.8,33.5,38.0,46.4,-11.1,84.9,3.02,278.2,98.8,45.8,0,1,3.2,1,59.0,0.3023,LOW
90,37,1393.0,2.0,1.2,88.5,75.2,-41.5,77.5,12.75,931.1,73.7,87.9,0,2,10.3,1,66.4,0.4028,LOW
95,7,1075.2,15.7,63.2,77.3,11.9,-2.9,57.8,4.39,471.5,80.7,91.1,0,1,8.07,0,41.9,0.5056,MEDIUM
68,16,1636.9,66.6,99.9,52.6,69.2,-13.6,26.0,18.57,267.0,82.5,31.7,1,2,5.25,0,20.8,0.341,LOW
17,9,1378.8,63.0,29.5,95.0,66.7,-51.6,87.5,18.42,987.7,2.2,96.0,0,2,25.09,0,70.1,0.6185,HIGH
50,15,1854.8,93.6,18.4,42.4,37.1,-28.6,1.1,18.98,423.1,5.5,86.5,1,2,8.01,0,22.5,0.5347,HIGH
120,23,2709.6,79.8,28.2,78.8,97.0,-8.9,22.7,5.93,371.5,19.8,92.8,0,2,16.53,0,32.0,0.4034,LOW
10,14,2985.8,56.8,42.5,16.8,89.5,-36.3,40.4,14.37,35.0,65.5,70.6,1,2,19.65,0,47.6,0.4422,MEDIUM
106,6,374.4,13.8,25.1,28.6,31.6,-32.1,58.6,13.29,178.3,62.4,19.8,1,0,8.8,0,52.2,0.4661,MEDIUM
84,22,1246.3,56.4,34.7,33.8,3.1,-17.2,56.1,0.81,809.2,32.5,19.5,1,2,4.21,1,56.1,0.6838,HIGH
37,5,665.0,6.2,63.8,10.6,30.8,-51.7,17.6,5.38,482.7,97.3,90.9,0,2,19.97,0,62.0,0.4259,LOW
95,12,1153.5,43.1,34.5,50.2,20.5,3.0,10.5,4.21,954.9,9.3,50.7,0,1,9.12,1,23.4,0.4702,MEDIUM
102,4,969.3,39.0,39.6,19.2,54.7,-44.5,22.2,7.48,83.9,77.7,89.0,1,5,9.89,0,55.8,0.3404,LOW
10,7,647.4,42.8,4.0,63.4,91.9,-53.4,34.9,19.07,615.9,48.1,72.1,0,1,7.61,0,52.2,0.423,LOW
17,20,2327.6,28.0,91.8,19.0,87.0,-54.7,1.4,16.93,720.0,41.9,21.3,0,1,19.48,0,44.1,0.5543,HIGH
82,35,1564.4,68.6,40.7,12.4,30.6,-31.0,69.2,5.94,621.2,2.6,38.5,0,3,3.76,1,64.3,0.5878,HIGH
120,32,2769.8,84.1,32.8,96.9,42.9,-1.9,24.8,10.65,529.9,72.8,96.8,1,2,9.99,0,21.7,0.3056,LOW
7,7,242.9,76.9,8.6,65.8,3.7,-5.8,35.1,3.93,578.3,77.2,2.0,0,0,4.31,0,36.6,0.4755,MEDIUM
82,5,340.9,62.8,63.4,93.6,54.4,-0.3,33.5,5.62,689.5,31.9,71.5,0,0,7.59,0,29.9,0.3265,LOW
20,16,1299.3,53.8,86.4,49.0,6.3,-23.0,51.2,1.39,863.3,51.7,97.9,1,2,21.32,1,57.9,0.6712,HIGH
80,28,378.8,3.1,4.1,3.3,93.9,-28.1,86.0,12.89,336.3,60.6,10.4,0,0,21.14,0,59.4,0.5251,HIGH
77,31,898.8,72.3,14.5,57.4,86.7,-31.8,14.9,13.17,459.7,36.8,27.2,0,0,8.54,0,36.9,0.3376,LOW
15,34,2960.2,54.5,14.6,55.8,21.4,-52.2,34.1,16.79,635.9,61.6,54.7,0,2,12.67,1,53.9,0.5087,MEDIUM
83,16,745.5,27.1,60.2,1.5,69.9,-0.4,69.2,17.44,314.2,43.4,84.4,0,0,12.49,1,27.7,0.3558,LOW
109,10,714.6,32.8,92.1,86.1,56.8,-25.2,4.4,3.29,178.8,87.8,50.7,0,0,4.32,1,40.8,0.2401,LOW
105,4,1784.9,93.6,43.8,62.0,80.1,-27.7,83.0,14.89,966.2,71.9,6.0,0,3,15.04,1,55.6,0.4729,MEDIUM
8,9,1569.3,62.4,34.4,74.5,47.6,-24.1,96.2,2.78,194.7,11.0,12.7,0,1,4.74,0,72.7,0.5621,HIGH
33,6,1804.2,47.6,76.6,49.4,19.2,-7.4,60.8,7.54,232.7,80.0,37.6,1,1,7.24,2,42.2,0.4248,LOW
32,35,1223.7,62.1,74.3,61.8,64.0,-41.5,95.7,10.36,618.7,33.8,32.3,1,2,1.92,0,75.7,0.4802,MEDIUM
57,13,2506.3,41.4,24.7,25.7,8.0,-12.4,41.3,1.08,77.4,93.6,22.0,1,1,16.88,0,47.1,0.3236,LOW
21,34,545.0,47.0,16.1,97.4,58.5,-12.4,41.5,3.22,34.0,60.3,84.0,0,1,19.55,0,44.5,0.3446,LOW
104,24,1370.9,29.0,35.8,40.1,21.3,-4.0,10.6,5.5,64.0,2.8,2.7,0,1,13.01,1,24.7,0.5219,HIGH
95,23,2115.8,44.0,77.6,16.2,68.5,-54.5,3.5,2.64,123.3,73.4,82.9,0,2,10.35,0,62.6,0.3052,LOW
98,20,2624.5,68.6,69.5,5.6,82.8,-44.8,24.5,18.69,429.2,13.1,92.2,0,1,6.93,0,42.8,0.5242,HIGH
27,34,1203.3,4.0,66.6,63.6,11.0,-26.7,47.8,5.84,829.3,87.7,63.0,0,0,17.19,1,53.8,0.4809,MEDIUM
6,5,1768.1,79.5,82.9,98.3,40.0,-4.0,50.8,10.07,342.0,94.8,62.5,0,1,29.14,0,33.1,0.3105,LOW
110,7,347.0,28.3,27.7,89.6,73.4,2.9,21.8,19.93,427.5,69.5,14.9,0,3,5.33,0,7.7,0.2959,LOW
38,19,635.4,68.3,34.0,70.2,16.4,-19.3,61.3,11.38,600.3,53.3,56.8,0,1,8.7,0,46.3,0.3864,LOW
81,18,347.0,64.3,4.2,99.1,56.7,-42.3,18.1,8.29,302.1,60.2,37.5,0,0,4.09,0,51.7,0.4482,MEDIUM
110,24,2224.5,65.3,86.9,72.3,67.2,-43.9,32.6,18.6,432.5,42.9,22.9,0,0,10.39,1,45.1,0.3451,LOW
9,31,971.0,60.8,58.2,33.9,35.5,-16.6,19.6,4.53,386.3,8.4,58.3,0,1,7.53,0,38.3,0.4143,LOW
5,25,2212.7,95.9,29.8,60.1,83.2,-42.4,69.7,3.67,341.9,92.9,0.1,0,0,9.2,0,75.6,0.2485,LOW
5,13,339.2,50.8,6.9,8.0,51.1,-21.8,51.7,10.75,388.4,32.9,27.6,0,1,17.34,0,45.5,0.5851,HIGH
23,16,2608.3,73.2,72.3,22.2,62.7,-4.9,73.6,8.6,11.1,31.3,65.6,1,0,20.8,1,43.6,0.4774,MEDIUM
10,31,2531.3,70.5,74.9,41.8,14.1,-31.6,5.7,15.96,886.3,19.1,45.5,1,2,3.53,1,30.0,0.6248,HIGH
100,11,403.4,23.6,66.6,20.2,2.3,-32.3,42.5,0.94,977.3,99.2,14.6,1,1,12.4,0,62.2,0.61,HIGH
75,22,217.7,28.3,20.4,95.4,5.1,-52.8,96.7,12.39,862.5,94.3,0.1,0,0,25.14,0,81.8,0.6519,HIGH
118,23,310.4,42.4,91.3,99.6,90.4,-39.8,5.4,14.24,5.7,34.9,27.0,0,2,14.4,0,38.0,0.3255,LOW
97,31,2582.8,27.8,75.3,37.1,88.3,-13.1,41.8,19.44,750.9,26.0,54.9,0,3,4.41,0,24.9,0.3321,LOW
116,30,818.9,36.7,65.8,70.9,80.8,-33.4,4.0,3.0,573.1,80.5,53.5,0,2,20.18,0,46.9,0.4306,MEDIUM
32,21,1712.6,39.1,65.1,40.8,20.0,-45.5,14.7,5.0,94.2,42.3,13.1,0,2,15.11,1,57.0,0.4995,MEDIUM
38,15,1364.8,60.4,90.4,14.0,52.5,-48.7,46.3,18.66,932.9,96.8,61.4,1,3,14.09,0,53.3,0.4827,MEDIUM
103,17,2417.2,22.0,92.8,33.7,79.6,-49.3,15.8,12.65,776.2,90.1,99.9,0,1,8.5,0,50.6,0.4053,LOW
33,19,1543.4,80.4,59.6,23.3,67.5,-15.5,51.9,0.86,145.3,75.9,58.5,0,1,13.48,0,53.4,0.3863,LOW
11,12,1576.9,43.8,41.7,32.8,11.6,-18.2,92.3,1.64,964.0,9.0,52.8,1,2,51.41,0,68.5,0.7877,HIGH
82,27,2968.9,70.6,36.4,21.5,89.6,-23.9,20.0,15.73,126.2,70.2,62.3,0,2,1.58,1,29.7,0.2355,LOW
97,11,577.9,8.1,81.9,11.2,16.1,-25.0,10.7,11.39,454.7,98.7,88.0,1,0,7.17,1,32.7,0.4797,MEDIUM
117,28,2517.5,47.0,64.5,21.7,17.2,-45.8,82.5,11.35,159.0,37.3,94.6,0,2,7.75,0,73.0,0.4947,MEDIUM
112,31,297.5,2.8,7.7,90.6,90.1,-25.0,46.0,17.61,150.2,88.2,4.1,0,0,0.62,1,37.3,0.3901,LOW
18,39,1511.3,67.6,14.2,8.5,48.5,-51.4,88.3,4.9,967.8,40.8,20.5,1,0,36.54,1,87.2,0.8004,HIGH
94,8,2676.1,34.4,90.0,32.5,37.3,0.6,30.6,3.29,572.1,97.1,11.6,1,1,4.09,0,31.6,0.4426,MEDIUM
103,32,2045.9,94.9,88.4,52.8,55.4,-51.5,62.8,12.31,259.2,65.4,77.2,1,1,3.86,0,69.0,0.4039,LOW
85,7,2102.9,32.4,95.2,35.5,98.1,-29.6,92.3,17.66,776.4,9.7,4.6,0,3,2.44,1,56.8,0.5639,HIGH
100,16,900.5,56.4,42.8,51.8,12.0,-55.0,17.2,5.38,875.2,47.9,90.3,0,2,7.11,0,64.3,0.574,HIGH
102,10,1342.9,25.7,78.4,4.3,75.7,-7.8,80.1,13.66,917.6,5.0,2.1,0,0,14.04,0,41.6,0.6058,HIGH
56,10,1194.8,62.0,82.8,64.9,33.4,-45.0,63.2,3.13,933.0,39.5,60.3,0,0,9.8,0,75.9,0.516,HIGH
9,10,1636.1,46.7,31.6,56.3,11.7,0.5,81.3,3.52,905.6,91.5,27.6,0,2,4.65,1,49.1,0.5121,HIGH
57,5,1467.3,37.1,14.5,68.1,42.2,-52.4,17.1,18.04,638.9,23.2,47.1,0,4,13.5,3,46.5,0.5576,HIGH
28,34,1081.7,20.4,99.7,56.7,54.9,-5.8,43.4,2.45,342.5,95.1,44.2,0,0,9.89,0,41.3,0.4322,MEDIUM
18,6,1020.6,11.2,3.0,43.8,20.6,-15.6,12.9,0.58,925.6,10.0,74.9,0,1,23.19,2,40.1,0.5356,HIGH
19,18,864.9,12.0,59.7,35.0,40.5,-40.0,96.0,15.52,122.5,66.5,49.7,0,1,5.89,1,68.3,0.4534,MEDIUM
85,29,1190.4,99.9,65.0,22.6,63.6,-42.9,6.3,7.31,168.8,96.6,42.1,0,0,5.44,3,49.3,0.3288,LOW
63,40,577.3,41.2,68.2,50.0,57.6,-33.5,6.5,7.99,433.8,65.4,73.0,0,3,17.93,0,41.7,0.3542,LOW
67,35,2635.5,0.2,25.6,2.6,72.3,-5.3,89.8,16.02,283.7,89.9,92.6,0,1,3.95,1,40.3,0.3542,LOW
91,9,1866.0,95.3,72.2,32.8,83.6,-3.3,30.1,3.68,615.7,99.1,79.4,0,1,2.36,1,33.3,0.2162,LOW
68,40,531.3,2.0,21.6,67.8,40.9,-44.5,59.7,13.04,905.3,64.2,73.7,0,1,9.66,1,62.0,0.6616,HIGH
78,28,2127.5,41.9,82.9,10.9,42.3,-33.8,28.7,6.34,491.0,78.2,48.8,0,1,14.37,2,51.7,0.3903,LOW
14,10,2565.8,71.7,21.9,6.3,49.7,-40.8,64.9,2.17,553.9,3.2,90.0,0,1,2.18,1,74.7,0.515,HIGH
103,20,827.0,91.5,69.7,65.2,56.6,-47.6,19.2,13.78,423.1,42.7,48.6,0,2,19.3,0,49.1,0.3499,LOW
57,37,579.2,71.3,78.3,39.8,10.8,-16.2,45.9,6.44,707.6,28.8,93.0,0,0,1.95,0,44.8,0.4669,MEDIUM
23,18,174.6,46.4,18.9,80.2,31.3,-34.2,53.3,17.35,100.7,82.4,80.3,0,2,6.16,1,46.8,0.4357,MEDIUM
99,10,284.7,97.4,23.8,93.7,17.2,-41.5,33.4,18.39,48.6,67.8,15.0,0,1,9.86,0,43.9,0.4451,MEDIUM
90,36,2322.4,3.9,77.9,95.7,38.6,-3.0,25.2,17.0,641.3,61.4,4.7,0,1,24.71,4,14.8,0.6133,HIGH
11,39,2963.5,98.7,8.6,42.6,97.3,-10.1,14.0,6.51,534.9,93.2,74.1,0,3,25.73,2,29.1,0.3393,LOW
27,40,277.9,84.9,19.1,26.4,58.3,-8.6,70.6,4.81,407.4,8.9,68.6,0,0,11.31,0,50.0,0.5239,HIGH
6,39,2282.0,92.9,45.6,60.9,42.9,-52.6,16.8,17.87,334.0,95.4,60.2,0,1,7.04,0,46.8,0.3002,LOW
36,36,354.8,25.5,93.0,62.8,56.6,-0.1,29.2,9.11,51.8,10.1,97.6,1,2,7.4,0,23.9,0.443,MEDIUM
16,20,1837.6,14.2,56.2,62.2,66.9,-20.5,33.7,14.18,680.6,34.7,54.5,0,1,34.2,1,34.0,0.5914,HIGH
87,11,2304.8,66.3,38.8,32.2,43.5,-24.8,45.4,16.56,421.5,63.0,34.8,0,1,21.93,2,38.2,0.3515,LOW
65,26,1173.7,51.6,97.8,6.4,44.8,-54.4,70.3,5.63,445.3,34.1,56.5,1,0,13.08,0,82.1,0.7271,HIGH
118,12,181.2,52.3,46.4,21.0,70.1,-1.1,42.8,2.47,893.4,68.3,2.8,0,1,11.58,1,37.7,0.4504,MEDIUM
91,21,1846.3,92.5,43.4,15.4,6.1,-22.4,87.1,12.53,737.5,77.5,57.9,1,4,10.8,2,56.1,0.5005,MEDIUM
75,28,2975.0,62.0,41.2,12.4,54.0,-5.5,68.0,11.84,219.4,82.9,90.2,0,0,1.49,1,38.0,0.2805,LOW
64,39,884.2,31.1,31.2,92.6,54.7,-15.7,83.8,5.48,657.2,17.9,0.4,0,2,0.33,1,58.9,0.5412,HIGH
11,14,690.1,40.0,32.6,1.4,75.7,-7.2,71.6,11.74,132.3,18.2,84.5,1,1,8.29,1,40.6,0.4471,MEDIUM
13,13,503.2,13.3,68.8,60.2,98.3,-13.4,14.9,15.83,194.1,5.2,80.2,1,5,3.51,0,20.2,0.3212,LOW
76,31,1732.5,19.2,4.1,94.7,79.6,0.3,97.8,7.07,714.1,49.1,10.6,0,1,11.68,1,50.4,0.5134,HIGH
5,4,1849.9,14.3,68.2,36.0,50.4,-41.5,78.7,4.92,125.9,13.8,84.7,0,4,11.04,1,76.6,0.511,HIGH
9,24,2408.0,81.0,20.1,52.7,16.9,-42.9,57.3,14.53,280.2,31.9,76.4,0,1,2.3,0,58.1,0.5143,HIGH
30,31,2296.3,70.5,38.4,69.6,58.8,-12.2,16.5,15.74,898.1,84.0,49.1,0,1,11.86,1,20.0,0.2992,LOW
107,24,2693.7,53.0,14.7,31.7,83.4,-24.9,17.3,19.09,738.3,94.9,24.5,1,1,12.36,1,25.3,0.5518,HIGH
58,18,2446.5,37.4,55.3,47.8,93.2,-19.1,61.4,3.04,929.5,82.2,28.8,0,0,12.11,2,56.6,0.4552,MEDIUM
87,34,854.7,66.8,72.9,81.7,82.5,-12.5,41.6,17.8,881.8,0.1,61.2,1,0,5.95,1,26.4,0.4667,MEDIUM
52,17,1734.3,81.3,35.5,74.5,18.9,-22.2,67.6,15.33,312.6,56.8,24.6,0,1,13.88,1,45.6,0.4957,MEDIUM
25,30,997.6,88.1,16.3,80.8,71.3,-7.7,37.2,14.07,632.4,16.7,32.5,0,0,14.54,1,26.0,0.3677,LOW
48,21,1089.9,54.7,22.7,98.7,88.0,-35.9,51.3,6.33,378.7,37.6,93.1,0,0,13.79,1,61.2,0.4024,LOW
15,4,2806.0,82.0,81.8,37.0,68.1,-3.5,18.8,0.54,697.1,42.8,72.9,0,0,7.97,0,33.5,0.4894,MEDIUM
94,23,2093.4,51.1,26.8,74.7,68.6,-48.5,15.5,10.2,348.5,94.3,73.6,0,0,26.98,1,52.9,0.3643,LOW
26,5,2927.6,47.5,77.5,60.3,50.0,-17.0,7.6,5.79,1.3,63.4,95.6,0,2,23.29,0,32.8,0.3227,LOW
48,38,1338.2,86.5,33.1,66.7,63.7,-1.6,82.0,5.87,93.9,26.8,0.6,1,1,10.37,1,47.5,0.4693,MEDIUM
118,26,1681.7,38.6,18.9,74.0,29.4,-39.8,55.5,18.55,771.0,64.3,24.4,1,2,5.5,2,50.2,0.6544,HIGH
73,17,1538.3,39.6,72.7,75.0,8.9,-35.4,94.7,3.14,84.0,95.2,65.8,1,0,4.96,0,80.0,0.4221,LOW
58,21,455.8,30.5,46.9,88.6,82.8,-36.7,74.9,18.69,599.4,5.9,43.8,0,1,14.76,1,54.5,0.4423,MEDIUM
67,26,824.6,51.9,3.1,34.9,94.3,-21.1,76.9,10.13,857.8,81.6,11.3,0,0,3.03,0,54.6,0.5803,HIGH
95,13,1653.8,54.5,96.0,65.3,85.7,-30.2,50.9,16.78,741.1,21.7,78.1,0,2,15.52,0,43.8,0.3456,LOW
34,14,342.0,66.0,14.8,28.0,33.4,-48.5,81.5,5.74,413.4,15.3,4.7,0,1,2.61,0,81.6,0.5827,HIGH
78,19,2804.7,43.1,35.3,59.5,9.4,-1.5,94.2,12.72,208.6,89.9,54.4,0,1,9.11,0,43.2,0.3135,LOW
106,13,503.0,21.8,38.5,75.1,28.0,-42.7,72.2,11.18,922.5,0.2,56.2,1,2,14.69,0,67.3,0.649,HIGH
71,32,714.2,86.7,48.9,79.1,84.3,-23.0,10.6,18.49,566.4,74.1,63.6,0,3,5.15,1,22.3,0.2374,LOW
56,7,2331.2,34.6,78.5,42.0,65.6,-19.3,65.1,3.67,405.4,8.7,31.6,1,1,19.05,0,57.2,0.5321,HIGH
21,34,426.3,92.3,0.6,50.9,96.7,-52.6,12.0,4.17,942.1,61.8,2.4,0,1,7.24,1,62.2,0.5751,HIGH
33,16,2715.8,20.7,93.2,33.4,34.3,-49.3,7.7,18.98,215.0,62.1,88.9,0,2,9.78,2,39.8,0.3001,LOW
114,24,2218.2,56.0,64.6,16.9,55.1,3.3,69.3,2.05,442.3,86.3,92.9,0,0,1.18,0,46.7,0.4099,LOW
67,9,345.6,53.7,95.1,26.1,79.0,-15.1,83.5,12.73,108.6,82.3,48.2,1,3,2.54,0,49.3,0.4404,MEDIUM
39,18,2121.8,82.9,81.7,91.2,23.4,-53.0,15.9,1.31,124.9,68.5,2.1,0,0,1.3,0,67.5,0.3815,LOW
53,31,1950.1,13.9,92.8,30.9,96.4,-7.3,7.4,1.63,398.6,38.1,58.1,1,1,16.65,0,30.9,0.4557,MEDIUM
72,14,2308.4,91.0,60.1,97.5,59.2,-24.5,88.7,11.98,699.7,16.6,31.6,0,0,6.96,0,58.9,0.4817,MEDIUM
67,8,2510.4,53.1,35.7,24.1,0.8,-50.5,13.2,11.07,338.9,63.6,18.2,1,2,20.37,0,52.5,0.6504,HIGH
86,23,2197.3,58.6,44.3,72.3,2.5,-14.2,3.5,11.5,689.6,49.7,16.9,0,1,0.75,1,22.2,0.3294,LOW
34,10,1820.6,51.0,65.8,57.4,88.2,-25.0,72.1,9.53,805.2,7.8,17.9,0,1,13.43,0,56.5,0.5437,HIGH
80,15,1069.0,3.6,42.7,69.7,64.5,-42.7,84.8,14.87,877.6,95.6,33.1,1,1,1.17,0,67.1,0.4586,MEDIUM
56,20,2137.2,49.7,73.2,64.4,76.3,-2.3,51.4,19.84,44.7,31.4,28.1,1,1,4.64,0,19.9,0.4017,LOW
114,24,2877.4,26.4,9.2,70.7,78.4,-37.5,54.0,5.59,773.7,0.2,83.6,0,2,8.98,2,64.2,0.5488,HIGH
23,27,1824.4,34.3,83.0,90.6,42.0,-37.9,33.7,6.54,147.1,90.2,49.5,0,2,6.78,1,56.2,0.4121,LOW
22,29,2043.4,64.9,20.4,56.3,79.9,-38.6,23.8,6.53,698.3,57.7,42.8,1,3,12.11,1,53.2,0.4326,MEDIUM
58,35,1395.8,49.8,94.4,6.8,93.8,-9.0,75.5,15.29,371.7,73.3,14.6,0,1,5.91,1,38.9,0.2778,LOW
63,6,2304.9,9.3,15.6,27.1,17.2,-12.6,84.9,7.03,707.8,15.3,87.6,1,0,8.2,0,55.1,0.5968,HIGH
85,17,2993.4,7.3,12.9,70.8,76.4,-0.8,32.1,13.57,213.8,40.5,5.5,0,1,3.9,0,19.9,0.4645,MEDIUM
51,4,607.1,18.6,81.2,49.4,30.8,-41.2,27.4,8.97,645.0,64.5,24.0,0,1,15.25,0,53.3,0.5323,HIGH
110,4,726.9,19.1,81.9,54.9,32.1,-7.8,26.8,12.2,125.5,25.1,62.1,0,0,10.68,1,24.8,0.4536,MEDIUM
60,11,1687.4,60.8,73.9,59.7,41.3,-20.6,5.1,16.6,169.7,70.1,70.2,0,2,13.32,0,21.0,0.3394,LOW
20,26,1521.9,17.8,96.1,38.3,86.4,-36.5,28.1,10.33,614.5,23.4,80.1,0,1,9.53,1,48.5,0.441,MEDIUM
18,37,1779.0,88.2,27.1,77.4,2.2,-52.9,2.6,9.56,336.8,20.9,41.0,1,0,17.22,1,52.4,0.636,HIGH
117,32,289.9,21.0,82.7,72.4,43.4,-5.9,78.8,5.41,703.8,1.2,34.7,0,3,6.01,0,50.1,0.5318,HIGH
20,27,1302.2,9.1,35.2,71.4,68.0,-40.5,25.6,10.37,685.2,28.2,28.9,0,2,10.26,0,50.5,0.5046,MEDIUM
114,32,1811.5,87.6,53.7,71.5,11.0,-17.1,69.0,5.32,621.6,24.7,56.8,0,0,55.53,1,54.9,0.5661,HIGH
37,10,1817.8,29.5,44.6,89.0,79.2,-22.1,54.3,16.89,730.5,76.4,34.9,1,0,3.3,1,39.0,0.3836,LOW
15,35,2023.4,42.5,0.6,59.5,94.2,-54.7,83.7,7.84,793.9,57.0,32.8,1,2,21.16,0,84.3,0.6166,HIGH
40,36,2202.6,95.9,57.4,96.7,9.1,4.7,96.0,2.67,911.4,17.8,1.7,0,0,39.94,2,55.3,0.6386,HIGH
76,7,1978.4,94.4,74.8,11.9,15.3,-6.1,36.7,4.88,80.5,56.8,94.8,1,0,14.28,1,36.2,0.4204,LOW
54,21,2402.2,71.5,17.5,63.2,97.4,-25.8,8.8,10.74,571.5,22.5,6.1,0,3,0.44,0,33.4,0.4312,MEDIUM
96,34,1930.6,6.9,93.2,71.7,19.8,-14.2,75.0,18.33,748.8,42.6,27.1,0,0,3.46,1,38.7,0.5251,HIGH
75,21,1681.9,59.3,53.0,47.7,7.9,-26.4,2.1,6.08,216.9,88.8,92.1,1,1,12.22,0,37.3,0.3105,LOW
51,35,1877.7,98.9,17.8,28.8,95.2,-10.3,22.3,5.36,263.6,71.9,73.5,0,0,9.64,2,33.6,0.3512,LOW
78,38,438.4,94.7,64.6,55.0,89.3,-46.9,5.3,8.19,267.0,65.1,57.8,0,2,27.75,0,50.7,0.3362,LOW
117,21,928.5,10.6,19.2,36.5,65.6,-28.2,89.8,19.36,572.3,28.1,66.1,0,3,28.36,0,52.7,0.5637,HIGH
52,6,1653.1,39.6,6.4,90.9,55.1,-34.9,0.5,16.92,366.2,12.5,9.7,0,0,9.07,0,29.4,0.4399,MEDIUM
22,16,2638.0,31.6,68.5,35.7,91.9,-27.4,49.3,3.08,666.1,75.3,80.9,0,1,9.61,1,58.3,0.4484,MEDIUM
52,11,2085.3,13.0,11.1,17.6,65.6,-28.0,42.4,12.31,610.2,56.8,25.0,0,0,6.34,0,44.8,0.4939,MEDIUM
102,21,407.7,69.5,10.6,57.6,65.8,-46.4,65.3,15.86,657.1,62.3,95.6,1,0,13.78,1,61.8,0.4503,MEDIUM
30,25,1838.0,27.4,74.0,39.6,84.4,3.6,29.0,15.38,252.3,97.5,23.1,0,1,4.41,0,15.9,0.2746,LOW
115,21,782.0,34.5,5.5,9.6,65.3,-54.1,87.4,9.83,767.4,34.8,62.5,0,3,8.78,1,82.6,0.6812,HIGH
73,11,2241.9,9.0,81.0,56.5,50.4,-54.4,73.4,14.66,664.0,80.1,54.5,1,1,4.71,0,71.9,0.4621,MEDIUM
74,15,2508.2,49.8,79.6,53.8,39.0,-32.6,43.2,11.71,130.6,55.9,14.3,1,0,11.6,0,49.2,0.3836,LOW
41,29,1841.4,15.8,14.1,17.3,50.3,-17.8,35.8,4.11,200.2,23.5,36.3,0,2,20.24,0,45.3,0.5471,HIGH
111,4,1835.4,43.2,51.8,59.8,52.2,-44.2,81.6,1.22,301.0,5.3,78.1,0,1,2.59,2,84.2,0.4459,MEDIUM
9,11,1115.0,14.3,9.7,56.7,36.1,-23.0,75.7,7.45,936.0,61.6,21.3,0,1,8.33,0,58.9,0.4902,MEDIUM
39,37,1421.8,95.4,63.3,77.4,44.8,-11.6,39.9,1.33,326.3,29.8,96.3,0,0,24.73,0,45.7,0.3424,LOW
53,7,2612.7,14.5,6.3,36.2,80.2,-49.4,34.1,7.96,19.9,69.5,29.5,0,1,29.85,2,62.9,0.5219,HIGH
60,19,2211.5,52.2,94.4,24.9,41.7,4.1,3.9,16.59,141.6,70.1,62.7,0,1,6.39,0,5.6,0.2426,LOW
59,11,1631.3,19.7,20.8,95.1,2.6,-34.8,8.2,16.9,32.2,45.5,61.9,0,0,4.91,2,32.1,0.4063,LOW
22,7,1199.5,7.6,68.3,56.1,28.3,-16.5,5.4,0.78,402.8,53.6,47.1,0,1,0.23,0,37.9,0.3864,LOW
31,19,293.6,20.2,12.8,2.7,23.2,-48.4,2.4,1.48,797.2,62.7,65.5,0,3,21.79,0,59.2,0.6425,HIGH
16,23,557.6,5.5,21.0,82.1,79.4,-12.4,15.3,13.43,450.4,46.9,74.4,0,4,20.83,1,22.6,0.3914,LOW
71,10,700.1,13.9,45.1,19.7,44.9,-4.6,85.7,10.05,839.0,87.7,61.9,1,0,10.64,0,45.8,0.3894,LOW
45,6,1214.1,49.3,57.3,78.6,28.0,-48.7,79.8,3.07,47.5,7.6,56.0,0,3,42.88,1,84.5,0.5331,HIGH
70,8,2840.8,65.2,99.9,70.5,81.1,-47.4,84.6,16.13,469.7,98.0,60.7,0,1,9.63,0,68.9,0.3525,LOW
73,28,1589.7,8.7,2.6,96.9,1.9,-38.1,62.4,4.41,787.1,3.3,40.2,0,0,22.26,0,69.0,0.7375,HIGH
86,35,819.3,44.1,0.0,96.6,17.4,-54.3,62.4,1.66,674.7,20.8,7.1,0,1,6.7,0,84.3,0.7339,HIGH
68,10,451.4,58.1,35.0,27.4,82.7,4.2,12.4,15.02,852.8,70.8,16.0,0,0,8.05,0,10.6,0.2629,LOW
80,15,1114.2,23.4,36.6,76.6,55.1,-19.1,69.9,12.2,273.8,8.5,60.7,0,2,12.18,1,48.1,0.486,MEDIUM
73,16,2474.8,37.2,88.4,31.7,77.4,-18.5,28.0,7.95,500.9,26.2,92.7,1,0,4.76,2,38.3,0.5986,HIGH
80,17,1242.5,7.2,91.3,62.9,83.8,2.5,51.9,13.89,676.9,15.4,2.6,0,0,18.19,0,25.8,0.4776,MEDIUM
76,13,2351.6,22.0,88.1,59.8,94.2,-5.1,95.5,18.24,168.5,72.4,54.4,0,2,10.93,0,39.3,0.2926,LOW
41,6,2437.7,46.7,14.3,5.5,6.3,-6.1,87.1,0.78,815.8,57.9,25.2,0,4,1.57,2,58.9,0.5964,HIGH
33,23,465.8,99.0,41.2,0.5,79.9,-34.6,23.3,12.59,311.5,6.4,56.2,0,2,22.63,1,42.6,0.5655,HIGH
96,17,1884.7,99.6,74.6,5.8,70.9,-34.9,73.7,4.44,93.3,46.0,75.0,0,1,4.4,0,70.6,0.4646,MEDIUM
44,16,2883.4,98.0,31.3,12.8,20.7,-37.5,10.4,9.54,765.7,20.9,73.5,0,2,4.81,0,44.0,0.4984,MEDIUM
68,13,1296.1,42.3,66.3,25.8,93.2,-34.2,2.7,8.54,705.0,96.8,72.5,0,0,8.01,2,40.1,0.2973,LOW
27,38,295.2,8.1,23.7,90.7,40.4,-32.8,2.8,7.86,883.7,10.8,77.9,0,1,14.06,0,40.0,0.5364,HIGH
55,26,2781.4,32.4,32.3,51.9,88.8,-46.6,17.0,3.89,892.1,59.8,7.3,1,0,12.76,0,60.0,0.4667,MEDIUM
66,19,2668.4,23.8,86.0,79.7,60.5,-33.6,69.5,16.07,278.5,48.2,51.0,0,3,27.89,0,53.7,0.4119,LOW
77,11,1638.1,1.4,25.1,83.8,52.7,-28.2,36.3,7.65,641.4,57.8,26.2,1,3,12.28,0,48.7,0.6711,HIGH
66,33,1723.9,9.5,96.4,73.5,16.0,-36.4,1.6,17.76,999.1,95.6,92.1,0,2,2.35,2,29.8,0.4129,LOW
46,36,753.5,45.3,30.6,39.1,91.4,-45.1,98.8,7.16,243.8,34.1,78.3,0,0,3.86,1,83.4,0.4147,LOW
116,5,2485.4,34.0,2.4,86.4,55.7,-32.6,53.3,16.81,472.9,74.9,10.8,0,0,2.14,2,46.4,0.4242,LOW
64,38,1571.0,18.0,25.5,74.2,0.6,-26.1,39.4,10.93,910.2,44.7,24.3,0,2,2.1,1,44.1,0.552,HIGH
98,29,246.6,71.6,17.1,74.3,1.8,-11.8,51.9,7.77,103.1,66.1,45.5,0,0,7.25,1,42.0,0.4517,MEDIUM
90,7,2096.6,35.7,50.7,90.2,77.8,-12.3,52.0,14.11,928.2,36.6,96.3,1,3,21.51,0,34.5,0.4783,MEDIUM
69,31,2858.9,85.2,11.3,59.9,16.2,-42.8,47.0,15.75,488.2,22.7,11.0,1,2,10.88,1,52.9,0.7066,HIGH
107,7,2513.1,24.1,62.6,52.9,59.9,-52.8,61.3,9.71,893.0,8.4,56.8,0,3,14.47,0,72.7,0.6447,HIGH
19,5,940.0,53.8,87.5,89.0,68.1,-36.8,88.6,8.57,621.4,10.2,34.1,0,3,17.97,1,72.1,0.5462,HIGH
111,8,302.0,18.4,36.3,45.4,27.9,-45.6,30.2,11.59,671.4,95.9,64.6,1,2,22.59,1,54.2,0.4896,MEDIUM
103,21,2830.0,49.5,16.8,81.2,56.9,-31.3,48.7,11.74,773.0,78.8,64.9,1,1,5.28,0,50.1,0.5314,HIGH
63,26,2820.6,15.2,40.0,5.4,24.0,3.8,0.4,8.57,67.1,24.5,24.1,0,0,20.5,1,14.4,0.4586,MEDIUM
90,19,1667.4,16.2,78.6,0.1,94.6,-44.1,86.0,15.18,627.8,52.9,78.6,0,2,18.62,0,68.2,0.4244,LOW
65,8,1980.6,61.2,59.1,52.8,86.0,-35.9,30.6,8.05,923.9,71.4,9.1,0,2,7.0,0,51.8,0.4646,MEDIUM
36,11,1468.4,26.4,10.1,7.4,28.8,-11.5,27.1,9.11,956.1,35.3,81.8,0,2,4.98,1,31.5,0.4729,MEDIUM
97,35,1346.3,17.2,53.7,97.7,52.9,-24.4,99.8,12.15,968.3,44.0,21.2,0,0,8.69,0,62.5,0.5904,HIGH
33,39,490.4,93.0,46.8,0.6,50.1,-52.4,58.4,19.74,645.8,71.8,59.0,0,1,27.34,0,58.9,0.37,LOW
41,31,425.7,4.3,32.7,71.8,96.0,-45.3,12.3,5.29,633.3,22.7,34.7,0,0,22.33,1,55.6,0.5169,HIGH
65,7,813.3,56.5,11.0,24.3,39.4,1.1,26.6,4.72,552.5,52.6,61.0,0,2,6.95,0,28.4,0.5004,MEDIUM
102,34,2534.4,54.8,98.1,96.8,56.2,-48.8,35.3,3.62,607.6,21.0,26.7,0,1,20.93,0,68.3,0.5251,HIGH
49,29,565.6,25.1,17.6,38.2,92.9,-16.9,98.6,13.82,612.1,0.3,56.9,0,3,16.2,0,54.5,0.5734,HIGH
62,23,796.1,45.3,19.3,2.7,16.3,-7.5,43.1,9.04,42.4,69.0,0.8,0,0,14.15,1,34.2,0.3921,LOW
9,9,1713.6,8.8,14.6,2.7,55.0,-39.1,23.0,7.83,88.9,70.7,37.4,0,3,25.85,0,51.7,0.489,MEDIUM
18,40,763.1,72.1,57.0,55.3,10.6,-11.5,57.0,4.16,619.4,99.6,82.6,0,3,12.63,0,48.1,0.3807,LOW
11,20,615.1,22.2,44.4,98.7,61.7,-44.8,40.5,17.83,314.2,18.1,46.3,1,0,10.37,1,49.5,0.5381,HIGH
13,5,1755.5,19.3,25.0,98.0,36.6,-37.9,5.5,8.92,301.4,74.0,49.9,0,2,1.25,0,43.3,0.5074,MEDIUM
105,11,1199.1,31.5,42.9,33.7,96.8,-36.3,86.1,12.19,193.4,94.8,62.2,0,1,17.86,1,66.3,0.4283,MEDIUM
102,18,1934.6,90.2,67.4,48.3,41.5,4.8,1.6,2.34,801.1,64.5,43.4,0,2,4.61,0,22.6,0.4186,LOW
100,6,2749.8,79.6,28.2,10.0,13.6,-42.1,89.8,2.25,964.3,96.3,86.7,1,0,3.97,0,84.2,0.6066,HIGH
11,15,580.3,94.7,91.5,52.2,83.4,-47.2,79.2,1.44,627.8,99.4,40.3,0,1,10.65,0,85.2,0.3326,LOW
14,21,2753.3,65.2,30.6,60.0,82.1,0.5,7.6,7.41,945.4,80.2,94.3,0,1,3.88,1,18.4,0.2881,LOW
37,39,2722.1,66.3,19.8,25.1,69.5,-45.3,72.4,9.51,883.9,99.9,87.7,0,1,13.42,0,71.4,0.3382,LOW
70,7,2512.9,48.0,95.5,61.2,74.9,-2.2,77.1,4.97,217.9,62.6,42.1,0,0,11.76,0,47.4,0.258,LOW
43,25,1949.2,90.5,81.1,90.0,26.5,-16.0,60.2,7.06,153.5,49.7,36.6,1,2,10.99,0,48.9,0.3631,LOW
61,37,1917.4,51.1,34.3,0.1,64.2,-20.4,57.8,0.22,211.6,91.8,67.7,0,1,8.7,1,59.8,0.3957,LOW
25,33,1971.8,35.5,84.1,22.9,3.8,-9.9,5.0,7.09,96.2,83.1,75.5,1,1,17.46,0,25.1,0.3378,LOW
89,38,2117.9,64.0,51.9,21.0,19.7,-11.4,5.9,2.47,582.9,11.0,18.6,0,1,13.46,1,32.3,0.548,HIGH
41,10,197.0,54.6,34.7,12.4,93.2,-48.4,72.7,2.65,282.7,30.3,24.1,1,1,13.29,2,82.3,0.5809,HIGH
12,33,2880.6,12.4,84.0,16.6,73.9,5.0,10.6,0.19,912.9,26.1,14.6,1,1,5.03,0,28.5,0.4622,MEDIUM
91,40,1819.0,39.3,75.2,62.6,23.1,1.5,24.2,13.96,613.4,85.5,76.1,0,0,9.34,2,16.0,0.4349,MEDIUM
109,16,2377.2,31.3,29.8,10.3,11.1,-1.2,49.9,18.63,359.6,23.3,71.4,0,0,4.96,0,20.1,0.3619,LOW
6,22,1225.3,84.7,60.7,73.9,94.9,-17.7,16.4,12.47,984.6,30.4,18.9,0,0,9.23,1,28.0,0.4661,MEDIUM
55,23,185.3,37.9,36.9,88.7,11.2,-23.6,79.0,2.01,953.2,51.9,53.7,0,2,5.65,1,67.3,0.4167,LOW
100,22,1602.7,82.2,0.1,92.7,25.7,-22.8,80.7,19.79,778.6,7.6,76.4,1,2,9.05,0,45.1,0.6234,HIGH
86,14,1595.5,44.2,96.2,66.0,18.3,-54.1,84.2,19.51,791.7,96.1,94.7,0,1,9.34,2,69.4,0.3767,LOW
104,39,1395.4,75.4,55.0,19.7,0.7,-25.0,5.0,9.42,977.3,49.1,17.9,0,2,9.05,0,33.2,0.5013,MEDIUM
53,39,1118.2,13.5,59.8,8.5,31.4,-17.6,42.8,2.25,600.5,19.0,30.4,0,4,17.74,1,50.0,0.721,HIGH
48,18,862.0,92.5,60.0,23.2,97.4,-15.5,84.7,14.44,880.0,27.1,34.8,0,2,14.79,1,47.9,0.4889,MEDIUM
87,33,1653.5,48.1,55.1,96.2,34.2,-35.1,36.3,19.23,64.8,79.8,62.5,0,0,3.03,1,39.2,0.2314,LOW
22,18,1219.5,26.0,29.0,96.2,50.4,-26.7,69.6,15.6,554.1,63.4,13.6,1,0,8.31,0,49.3,0.5127,HIGH
32,33,2914.3,24.1,97.2,38.2,74.6,-16.8,58.9,12.52,502.5,46.5,19.3,0,0,10.97,1,42.2,0.4131,LOW
74,25,642.8,26.5,62.2,32.6,55.1,-29.3,34.7,12.26,37.7,33.2,78.0,0,2,5.45,0,43.1,0.3957,LOW
82,21,1061.0,36.7,67.1,51.0,74.4,2.7,27.6,19.56,87.0,90.1,54.2,0,1,11.77,0,10.2,0.1703,LOW
18,8,987.8,71.8,45.5,29.2,66.2,-12.7,65.3,1.56,21.8,77.3,16.0,0,2,6.01,0,55.1,0.3082,LOW
63,28,1698.4,95.0,28.8,98.0,60.9,-54.9,13.4,3.08,294.0,71.8,38.8,0,2,9.82,0,65.8,0.3738,LOW
47,15,1572.9,66.9,6.4,22.1,65.0,-53.6,86.0,16.63,53.5,44.6,13.4,0,2,4.51,0,73.3,0.5296,HIGH
63,12,1984.7,54.7,35.0,36.9,79.9,-13.6,57.6,2.99,423.2,98.1,36.3,0,1,9.01,0,51.3,0.3145,LOW
116,11,2857.5,44.9,17.6,42.9,71.0,-30.2,11.2,7.73,812.7,71.0,40.0,0,2,15.05,0,41.2,0.3812,LOW
13,40,962.9,82.8,66.2,12.5,79.2,-4.6,70.4,5.7,613.8,42.4,11.2,0,3,16.54,0,45.9,0.5121,HIGH
120,7,2124.4,85.0,87.9,38.3,14.6,-44.6,43.1,4.94,673.8,96.1,6.0,0,1,9.96,1,66.3,0.4813,MEDIUM
57,33,221.4,29.3,30.3,85.7,67.8,-54.2,20.4,0.61,31.5,89.6,88.2,0,2,35.28,1,70.8,0.4563,MEDIUM
94,36,897.8,95.3,33.3,14.0,73.7,-31.7,96.1,11.37,839.5,74.0,88.8,0,3,12.63,0,67.5,0.4465,MEDIUM
54,5,1471.6,39.5,67.0,58.4,30.0,-10.8,72.0,8.08,146.2,76.7,0.3,0,2,16.88,0,48.0,0.4104,LOW
41,25,238.3,80.0,14.9,40.7,87.5,3.3,59.3,11.08,302.7,42.4,64.1,0,0,23.21,0,31.9,0.4219,LOW
94,25,1910.4,96.7,92.9,17.1,30.5,-2.0,84.9,6.16,516.8,50.7,9.4,0,2,5.53,0,48.5,0.4317,MEDIUM
84,17,2083.2,70.4,36.4,1.2,24.4,-26.0,54.4,18.84,930.0,19.2,81.0,1,1,14.95,1,39.4,0.6877,HIGH
21,28,2278.2,16.2,10.1,27.3,86.7,-6.2,44.1,11.87,998.1,59.5,88.0,0,2,11.68,0,30.1,0.4218,LOW
86,19,1622.2,58.6,17.5,6.2,24.7,-50.8,18.9,19.23,782.7,37.0,61.7,1,2,15.33,1,44.5,0.5484,HIGH
92,20,1871.2,11.9,93.3,37.7,41.6,-20.7,15.3,7.07,729.3,34.7,61.3,0,3,19.51,1,36.6,0.4737,MEDIUM
49,19,1278.8,78.9,24.7,81.0,36.8,0.5,43.2,0.15,527.7,94.8,37.1,0,0,4.77,0,39.9,0.3539,LOW
112,33,267.6,28.1,66.2,72.0,89.8,-31.2,45.6,15.65,665.6,16.5,24.9,0,2,34.32,0,44.1,0.5051,MEDIUM
79,27,434.9,69.5,15.6,94.7,45.5,2.6,73.3,16.56,144.4,83.0,49.9,1,1,10.3,0,30.0,0.4354,MEDIUM
43,18,2016.7,91.0,19.4,42.7,69.4,-41.8,44.2,1.27,269.2,28.1,13.4,1,2,7.7,2,69.3,0.5619,HIGH
6,38,2987.3,18.1,87.9,70.8,79.4,-48.7,59.3,12.54,984.6,2.9,67.2,0,2,0.83,1,65.5,0.5844,HIGH
83,33,195.0,39.3,14.8,66.5,62.8,-23.5,83.3,13.25,979.6,4.0,47.0,0,1,22.17,0,54.7,0.5557,HIGH
29,38,1739.1,64.7,1.9,21.7,94.4,-0.6,99.3,3.0,323.0,42.9,17.8,1,0,18.6,0,56.4,0.5197,HIGH
92,31,2290.4,42.0,50.1,30.4,80.3,-36.3,32.3,11.1,241.0,45.4,58.8,1,1,8.54,1,48.8,0.5194,HIGH
65,18,2506.3,17.5,86.3,53.0,40.0,-7.0,90.2,4.94,229.5,32.0,79.5,1,0,1.66,1,55.5,0.4877,MEDIUM
59,32,1703.8,2.9,32.6,79.7,95.1,-44.8,80.6,0.43,484.9,66.9,58.9,0,1,10.63,2,85.3,0.4666,MEDIUM
23,16,1916.8,40.7,12.8,46.2,52.5,-10.3,6.8,17.35,223.8,48.5,53.0,0,0,2.71,1,13.2,0.2953,LOW
87,14,2135.7,64.9,98.2,22.8,2.3,-21.6,33.4,9.88,648.5,7.4,84.8,0,3,20.66,1,40.0,0.5929,HIGH
24,20,2598.1,57.4,67.7,99.3,26.0,-44.5,21.9,15.66,74.8,34.8,1.1,0,1,8.33,0,45.5,0.4973,MEDIUM
53,39,498.5,15.6,85.1,11.6,62.2,-11.9,66.4,14.49,103.7,10.2,61.7,0,2,4.41,2,38.8,0.3831,LOW
102,25,2789.6,45.1,75.2,95.6,15.7,-12.2,55.5,19.87,276.9,6.3,41.0,0,2,12.01,1,28.5,0.4776,MEDIUM
111,18,224.1,36.9,69.8,80.9,58.4,-24.1,49.5,8.82,777.4,20.8,19.4,0,0,13.3,0,48.8,0.4011,LOW
119,21,2533.2,27.4,38.5,83.9,36.2,-41.5,76.4,8.61,323.3,70.1,98.0,0,1,14.45,0,71.2,0.4131,LOW
116,14,368.7,72.9,32.4,79.5,53.4,-47.1,33.3,5.71,470.8,69.6,40.4,0,0,4.67,2,63.8,0.4505,MEDIUM
69,28,704.7,31.0,71.7,20.8,0.2,2.4,38.3,12.54,656.6,86.1,33.5,0,0,19.4,0,22.7,0.3374,LOW
28,16,161.1,54.0,71.7,63.3,84.8,-15.7,86.6,9.77,788.5,75.6,16.9,1,2,8.48,1,54.5,0.4239,LOW
102,24,1419.0,92.3,95.1,75.7,36.2,-6.4,97.2,14.6,307.1,53.5,99.8,0,1,1.16,0,45.4,0.3203,LOW
97,17,1102.9,53.9,56.9,74.6,14.0,-13.2,77.6,7.19,731.0,31.3,85.6,0,0,9.27,3,52.8,0.5126,HIGH
119,15,623.1,61.7,29.5,27.2,43.8,-5.2,21.7,2.7,286.1,0.6,7.0,0,3,9.18,0,33.0,0.5239,HIGH
80,39,1435.6,7.3,49.0,18.1,48.6,-45.3,11.3,17.26,644.5,64.7,56.6,0,1,9.05,0,40.3,0.3826,LOW
21,16,1296.8,17.8,61.4,32.8,63.7,-25.2,20.9,16.58,450.9,29.0,14.7,0,2,12.18,1,29.9,0.4907,MEDIUM
63,6,2337.8,10.1,42.7,48.0,52.5,-15.0,42.3,7.08,926.6,25.0,71.6,1,0,29.55,1,41.9,0.5859,HIGH
56,18,2695.4,76.5,79.1,57.4,4.4,-48.8,23.7,13.84,982.1,97.5,48.4,0,2,9.48,0,51.5,0.4735,MEDIUM
102,23,2009.8,83.6,58.5,83.7,87.2,-46.0,90.1,9.9,774.1,17.4,11.0,0,0,10.38,2,77.6,0.3884,LOW
50,7,504.6,18.6,0.9,76.9,45.7,-17.0,67.1,15.24,915.5,3.2,55.7,0,1,6.4,0,41.8,0.5524,HIGH
43,15,991.9,21.9,57.0,67.6,7.7,-2.9,41.7,7.86,136.5,94.9,91.1,0,1,9.46,0,31.9,0.3369,LOW
14,10,2753.0,32.3,63.4,26.3,77.3,-15.4,27.4,10.76,654.5,30.6,34.1,0,0,14.68,0,32.3,0.518,HIGH
101,22,402.9,59.1,91.5,47.9,66.0,-52.8,38.1,1.25,198.4,39.3,5.1,0,1,14.92,1,75.2,0.4842,MEDIUM
92,30,1309.5,62.2,41.4,33.5,64.9,3.2,47.6,3.58,277.0,8.1,94.5,0,1,24.41,0,37.2,0.4582,MEDIUM
9,39,2836.1,68.7,57.4,23.5,42.7,-46.6,71.4,15.66,522.8,40.4,14.2,0,1,1.53,2,64.3,0.5449,HIGH
55,18,2859.4,90.5,47.5,1.0,41.0,-41.0,8.9,7.69,742.0,97.2,47.5,0,1,17.97,1,48.3,0.5497,HIGH
60,35,1321.9,29.5,53.2,33.9,53.6,3.5,84.9,0.8,721.5,69.4,54.5,0,1,16.17,0,53.7,0.4262,LOW
59,11,2052.1,65.9,6.7,25.6,5.1,-8.7,12.8,3.44,869.5,47.4,23.7,0,2,2.36,1,31.5,0.4527,MEDIUM
111,32,1451.7,56.0,89.7,57.2,29.9,1.2,26.2,8.29,559.3,30.7,17.7,0,0,24.06,3,23.8,0.3867,LOW
22,24,2297.4,30.6,91.0,6.2,98.8,-6.6,99.4,14.39,926.3,36.6,11.3,0,0,2.9,0,46.6,0.5143,HIGH
40,32,240.0,90.7,54.8,27.1,66.2,-15.9,19.0,7.33,887.9,61.1,7.0,0,0,14.96,3,34.1,0.4933,MEDIUM
25,31,560.8,9.5,55.7,4.5,41.9,-37.9,10.1,14.93,849.1,25.4,50.8,0,1,1.21,1,37.4,0.506,MEDIUM
33,23,1900.5,71.2,5.8,64.1,22.2,-35.4,63.8,17.18,229.5,15.2,84.2,0,2,4.38,0,51.6,0.4728,MEDIUM
110,13,812.8,72.8,59.8,56.8,74.5,1.8,39.3,6.89,531.4,69.6,12.7,0,0,15.28,0,30.1,0.3419,LOW
114,23,2048.2,91.5,42.9,33.7,26.0,-3.4,9.2,16.03,736.2,86.9,70.1,1,0,15.73,1,10.7,0.4175,LOW
10,34,1151.0,51.9,70.9,14.7,16.2,-33.4,0.4,2.62,976.1,90.2,41.3,0,0,8.78,0,46.2,0.4965,MEDIUM
78,39,2676.9,32.2,4.7,95.8,15.5,-32.6,7.9,8.36,11.6,84.1,3.5,0,1,25.61,2,41.0,0.4135,LOW
32,38,2484.9,82.8,71.1,58.4,72.9,-37.1,52.3,2.04,327.1,53.1,53.6,0,0,15.03,2,67.7,0.3079,LOW
27,10,1554.6,77.1,28.7,67.9,64.3,-35.4,23.1,1.15,342.4,78.9,25.2,0,0,19.74,2,57.4,0.3803,LOW
38,26,2352.8,50.0,65.2,53.1,7.0,-3.4,77.8,1.38,288.5,92.6,60.5,0,1,9.09,0,53.0,0.2837,LOW
27,7,922.7,76.8,62.7,80.7,11.5,-54.4,85.8,2.18,817.4,2.3,34.9,0,2,3.81,1,91.9,0.5436,HIGH
61,28,1558.6,26.8,22.7,89.6,63.4,-28.8,14.5,16.73,45.1,41.2,66.6,0,1,3.77,1,30.1,0.4466,MEDIUM
120,40,712.8,59.0,44.0,38.3,57.1,1.6,33.7,10.92,359.4,20.4,91.9,0,1,7.59,0,23.1,0.2323,LOW
73,5,2603.5,86.5,83.6,69.0,68.6,-22.4,14.7,18.95,711.7,99.7,24.5,0,1,4.56,1,22.7,0.2931,LOW
88,28,2495.7,31.8,60.6,23.0,17.8,-28.0,28.7,10.81,406.7,93.0,94.0,0,0,4.28,1,41.9,0.4133,LOW
62,38,2721.1,48.4,6.9,65.2,72.7,-36.3,23.9,12.61,144.1,80.2,20.4,0,2,1.94,1,44.0,0.4321,MEDIUM
6,35,2650.8,95.1,44.3,39.9,93.6,-50.6,78.7,3.77,610.9,29.6,7.1,0,3,7.99,2,84.6,0.5655,HIGH
14,18,2884.8,79.8,31.2,0.7,60.1,-41.5,34.5,10.86,522.6,95.2,19.3,0,2,1.89,0,53.7,0.4966,MEDIUM
36,7,800.8,88.7,64.2,95.6,19.6,-49.6,49.6,7.77,981.8,2.9,81.5,1,0,7.86,2,68.7,0.7262,HIGH
33,38,2805.7,38.5,61.5,86.8,68.0,-47.4,67.4,18.64,748.5,18.8,67.8,0,1,1.38,0,59.8,0.4502,MEDIUM
102,38,1778.0,99.7,1.0,29.1,34.3,-45.2,82.2,18.69,986.2,61.7,97.1,0,0,7.27,2,63.3,0.5683,HIGH
102,25,1354.1,15.3,60.8,99.8,4.9,-36.9,30.1,4.05,186.4,79.3,71.0,1,2,14.67,0,57.3,0.5808,HIGH
104,40,1747.1,51.9,73.5,31.7,30.2,-54.3,20.9,12.44,761.6,88.4,41.3,0,0,4.41,0,56.3,0.3671,LOW
78,4,1126.4,47.9,76.9,45.9,90.6,2.0,97.8,12.8,551.6,30.1,89.2,0,3,12.3,2,43.2,0.4084,LOW
69,26,972.4,79.8,5.9,85.1,41.1,-47.6,32.0,11.29,712.5,39.1,95.8,0,1,11.71,0,56.7,0.4782,MEDIUM
80,5,837.7,90.9,30.4,30.5,86.5,-32.0,67.1,2.57,467.6,45.5,79.2,0,3,5.59,0,68.5,0.4604,MEDIUM
52,38,384.9,73.1,42.1,45.1,50.9,-2.2,67.8,13.11,212.4,2.7,55.7,0,2,1.78,0,33.9,0.3003,LOW
82,29,1565.2,62.7,18.0,66.6,51.7,-48.6,51.4,16.0,45.7,86.4,82.6,1,1,18.04,2,58.3,0.5362,HIGH
97,37,2680.1,42.7,42.1,13.0,0.5,-26.0,22.8,6.97,838.3,33.8,17.9,0,3,5.55,0,43.2,0.6115,HIGH
93,24,1945.9,51.0,7.1,42.2,63.7,-4.3,14.1,10.34,814.8,19.9,90.0,0,1,27.9,0,20.1,0.536,HIGH
76,7,1634.8,50.9,11.3,30.9,10.8,-21.6,48.7,2.41,162.5,40.9,100.0,0,0,17.42,1,54.7,0.3508,LOW
11,4,1371.5,2.0,66.9,67.7,47.9,-42.4,51.1,18.62,645.2,71.1,66.5,1,1,15.38,0,50.4,0.4589,MEDIUM
89,16,1473.5,50.3,26.3,13.6,26.0,-10.9,77.3,2.28,737.7,87.1,19.6,1,1,2.84,2,57.1,0.631,HIGH
47,31,746.4,85.6,71.1,23.3,39.2,-14.1,71.0,4.25,557.6,21.5,14.4,1,3,15.45,0,54.8,0.6047,HIGH
91,9,2495.4,70.9,4.8,71.1,53.7,-33.3,91.2,6.04,317.2,17.3,95.9,0,1,21.32,0,73.6,0.4523,MEDIUM
67,35,715.4,79.6,56.3,15.6,1.4,-52.2,97.1,16.53,880.9,94.4,87.1,0,1,10.44,2,76.3,0.5535,HIGH
107,12,2192.4,39.0,39.1,42.2,28.5,-54.5,72.8,14.04,642.4,55.1,74.9,0,4,12.44,1,72.6,0.57,HIGH
44,22,2316.0,52.9,79.7,71.3,99.0,-5.5,7.7,0.24,720.2,36.6,94.9,1,0,14.73,1,31.4,0.4353,MEDIUM
113,11,1788.4,3.3,78.4,76.5,5.7,-35.7,40.5,3.75,652.1,19.9,50.3,0,1,23.0,0,60.5,0.6274,HIGH
102,21,2609.3,38.3,37.6,9.5,31.9,-46.7,60.9,15.03,721.3,99.5,88.8,1,3,13.29,0,61.5,0.5817,HIGH
43,20,979.5,47.4,62.3,85.2,32.1,-23.9,59.0,8.14,145.1,71.9,16.3,0,0,14.39,0,52.9,0.345,LOW
60,4,2662.6,25.5,22.8,72.4,37.9,0.2,18.1,0.62,922.6,21.8,18.3,1,0,11.99,0,30.6,0.6019,HIGH
66,25,2228.8,3.1,58.0,33.9,68.5,-54.5,58.3,19.28,285.8,9.1,51.2,0,1,28.47,0,60.9,0.5756,HIGH
94,33,2426.4,69.0,8.1,76.4,24.8,-51.6,35.0,3.11,836.6,19.9,33.3,1,3,10.66,0,70.9,0.6857,HIGH
84,38,2044.1,43.5,43.5,72.8,46.0,-30.0,33.9,10.26,893.4,24.8,43.3,0,4,14.32,2,45.9,0.5324,HIGH
103,16,2562.1,41.6,18.3,60.1,64.5,-14.4,83.4,5.04,651.2,11.1,79.8,0,0,23.96,0,58.4,0.5227,HIGH
47,36,2980.3,25.0,88.3,55.8,32.2,-26.4,42.2,14.78,598.3,23.0,5.3,0,1,6.89,1,40.5,0.524,HIGH
63,36,1347.5,53.8,44.5,73.5,94.9,-1.1,52.7,15.56,109.0,11.7,72.1,1,1,32.0,1,24.8,0.4285,MEDIUM
54,40,2469.7,43.8,59.1,99.9,98.0,-52.4,56.3,8.0,436.2,37.8,8.8,0,1,6.33,1,72.8,0.4951,MEDIUM
110,17,2272.1,47.4,36.0,57.9,12.0,-34.6,56.3,13.2,611.6,48.6,84.8,0,0,4.47,1,53.4,0.4282,MEDIUM
40,35,1440.7,58.1,28.9,80.9,34.4,-33.9,21.3,18.19,81.9,45.5,20.2,1,4,14.63,0,34.4,0.5849,HIGH
73,24,2791.8,0.6,20.3,74.4,20.8,-34.6,59.9,16.31,111.5,82.9,73.5,1,2,6.06,0,50.7,0.4267,LOW
18,6,1274.1,90.8,91.2,85.6,18.7,-25.7,33.5,8.36,993.5,25.4,59.2,0,2,27.59,0,45.0,0.5654,HIGH
103,14,1761.6,7.1,79.9,95.5,49.1,-7.6,65.5,8.89,332.2,88.7,38.6,1,1,38.83,1,42.3,0.5814,HIGH
49,28,451.9,45.1,13.3,19.3,56.4,-35.9,14.6,17.75,349.7,90.8,26.8,0,2,4.62,0,34.0,0.3652,LOW
44,9,793.5,20.7,74.7,16.5,42.6,-10.3,99.4,0.78,251.5,96.0,5.7,0,2,4.24,1,66.3,0.4379,MEDIUM
72,20,2546.0,52.4,41.9,58.6,27.3,-46.2,77.2,0.55,646.0,18.1,35.3,0,3,4.06,2,84.9,0.5659,HIGH
62,32,1280.2,28.0,1.5,44.9,27.9,-21.4,41.7,4.2,473.1,24.6,20.1,1,0,1.16,1,49.9,0.5544,HIGH
103,9,1273.1,86.0,52.8,57.1,99.2,-32.5,30.1,16.57,790.4,62.4,13.6,0,1,5.91,0,38.5,0.3635,LOW
66,22,851.0,39.6,13.0,79.8,92.4,-22.6,38.8,3.15,512.5,14.1,73.8,0,0,20.69,1,51.1,0.495,MEDIUM
64,11,1551.1,63.9,21.0,93.2,7.6,-48.5,72.1,5.78,15.4,8.6,21.3,0,3,15.17,0,78.3,0.6794,HIGH
17,23,2446.6,24.9,69.6,41.7,65.7,2.2,65.5,12.62,482.7,7.4,22.3,0,3,8.48,1,32.2,0.4688,MEDIUM
7,12,2701.2,1.9,25.7,71.8,45.7,-0.6,70.2,3.77,55.2,60.6,34.0,1,1,13.93,1,45.3,0.4717,MEDIUM
51,39,349.8,40.4,89.2,19.7,68.9,-5.4,88.9,6.13,826.8,80.5,46.3,0,0,3.07,1,52.4,0.3154,LOW
120,6,1788.2,53.6,65.7,53.5,59.7,-1.4,45.6,9.39,113.7,25.9,51.4,1,0,10.62,1,30.2,0.4449,MEDIUM
111,39,1481.7,46.0,83.2,2.2,88.9,-46.2,67.0,4.64,217.0,93.4,66.5,0,3,12.14,0,76.2,0.4471,MEDIUM
77,33,1900.7,96.2,61.5,50.4,6.7,-24.8,44.2,19.85,460.0,79.2,58.9,1,1,11.59,0,33.7,0.4788,MEDIUM
78,35,1424.7,70.7,86.9,54.5,35.0,-35.9,63.8,3.35,195.2,7.7,48.2,0,0,5.75,0,69.3,0.5321,HIGH
50,35,1286.1,99.6,36.2,73.5,98.5,-1.8,47.5,17.01,539.2,40.7,39.4,0,0,5.56,0,21.7,0.375,LOW
25,10,1494.9,29.5,54.9,64.9,18.2,-43.6,77.7,9.45,460.7,6.8,26.6,0,1,16.19,0,72.1,0.653,HIGH
5,38,1808.7,78.9,51.6,35.8,12.7,-41.8,0.5,2.67,952.5,91.5,71.0,1,1,15.47,0,52.2,0.5441,HIGH
44,25,1577.8,55.6,90.4,0.6,72.9,-13.8,21.6,2.46,88.4,74.3,31.8,0,3,1.24,0,39.5,0.4106,LOW
41,39,1495.6,61.2,16.5,11.5,77.7,-49.7,29.6,10.06,576.7,68.7,85.0,0,1,1.21,0,58.9,0.2858,LOW
27,36,2480.8,98.6,57.8,97.3,67.2,-11.1,94.5,7.14,720.4,68.3,58.6,0,1,36.87,2,57.2,0.4103,LOW
35,25,2275.1,65.4,75.4,92.2,77.6,-38.9,50.7,4.77,127.6,28.5,63.4,1,3,12.43,2,65.1,0.3981,LOW
7,17,1122.9,89.9,37.0,32.5,69.4,-15.3,36.4,19.18,636.5,93.4,50.9,0,0,11.61,0,24.9,0.385,LOW
75,8,2431.6,72.6,86.8,25.9,13.6,-2.6,40.4,9.32,864.2,92.3,92.9,0,1,4.79,0,29.4,0.3312,LOW
112,7,2582.9,12.7,37.3,43.6,60.8,-18.4,45.2,18.58,787.6,73.9,42.2,0,0,7.67,0,31.0,0.3608,LOW
85,18,587.5,69.9,17.3,69.0,77.7,-42.2,86.8,3.36,935.2,46.9,42.7,0,0,6.16,2,81.9,0.5528,HIGH
56,34,1810.6,48.4,58.4,35.7,86.6,-52.1,96.2,3.75,720.6,4.7,89.3,0,0,20.8,2,91.9,0.5164,HIGH
53,22,963.1,91.9,42.1,6.7,24.6,-52.3,84.4,11.96,394.0,2.8,60.5,1,0,20.14,0,77.6,0.6987,HIGH
40,21,2256.6,80.7,1.5,40.3,12.7,-49.7,84.2,5.47,920.5,13.8,44.9,0,1,12.58,2,83.8,0.5885,HIGH
21,13,830.5,10.4,7.0,26.1,78.1,-20.2,19.9,3.78,225.4,59.6,26.2,1,1,11.18,0,41.9,0.3809,LOW
74,24,2063.5,13.4,19.5,32.5,25.7,-34.1,26.9,1.98,583.7,79.8,24.5,1,1,14.23,2,56.7,0.5749,HIGH
70,27,877.1,7.0,76.9,16.3,3.2,-40.4,59.6,1.62,765.7,94.8,80.1,0,1,11.06,1,73.2,0.451,MEDIUM
5,40,1606.8,49.3,89.2,65.9,82.5,-41.8,65.6,15.09,872.3,17.5,27.9,0,4,16.2,2,59.5,0.6364,HIGH
53,30,2853.6,8.1,54.6,52.7,50.6,1.9,20.3,5.72,916.5,27.6,0.6,1,1,25.48,2,25.0,0.637,HIGH
37,26,1236.7,72.4,10.6,27.1,32.7,-47.9,74.6,19.57,85.0,5.4,1.9,0,0,9.5,1,61.5,0.628,HIGH
24,37,2645.9,55.2,53.4,55.4,1.1,-36.7,20.0,3.74,726.1,98.9,97.8,0,0,4.86,0,54.0,0.3858,LOW
86,19,2962.8,83.6,85.6,49.3,3.5,-26.7,26.3,7.15,204.1,78.1,56.0,1,1,11.27,1,44.7,0.4355,MEDIUM
65,38,2643.3,28.0,74.9,79.6,79.3,-55.0,30.7,7.56,779.1,48.1,48.9,1,0,6.4,0,66.3,0.4488,MEDIUM
78,17,622.7,51.9,29.1,95.6,49.0,0.3,84.6,10.05,700.7,57.6,91.8,0,3,3.76,0,42.0,0.4693,MEDIUM
87,8,2486.0,11.7,12.4,13.1,15.0,-49.1,73.2,17.43,181.4,56.2,35.2,0,0,23.1,0,64.5,0.5469,HIGH
118,19,241.6,88.5,90.1,88.4,35.9,-14.1,53.1,16.71,832.8,25.4,79.5,0,1,10.81,0,33.0,0.5134,HIGH
98,8,1270.9,17.5,85.4,70.5,16.5,-17.3,82.0,0.3,461.8,18.5,72.2,0,0,7.62,1,65.9,0.6026,HIGH
76,8,2631.6,10.2,5.4,69.3,11.3,-6.5,81.3,8.24,543.9,29.7,47.7,0,1,12.07,1,47.9,0.5396,HIGH
106,36,2112.9,20.5,82.4,37.4,27.6,-15.9,39.0,16.58,971.4,24.7,77.5,0,2,6.82,0,29.5,0.5231,HIGH
60,33,1668.3,80.6,9.7,34.4,55.0,-8.8,78.1,0.1,656.6,55.8,96.6,0,0,23.58,0,58.6,0.5156,HIGH
119,12,1255.4,10.6,6.3,0.6,21.0,-29.7,20.6,10.72,588.6,30.8,20.1,0,0,36.6,0,40.4,0.6728,HIGH
93,34,2465.0,61.4,75.9,98.2,34.4,-25.7,50.3,5.26,16.8,72.9,1.8,0,0,7.13,2,54.7,0.4465,MEDIUM
80,6,2172.2,74.6,53.6,60.7,47.8,-12.9,11.8,8.31,199.2,56.8,82.1,0,2,9.14,0,28.1,0.3015,LOW
109,14,1485.0,75.1,41.5,40.2,42.0,-20.9,42.7,8.46,26.6,53.2,40.4,1,0,13.27,1,44.6,0.3623,LOW
64,30,2693.6,19.0,90.4,54.4,12.9,-24.3,52.0,7.9,333.3,95.1,54.4,0,3,3.39,0,51.0,0.2963,LOW
88,15,805.4,6.2,83.9,4.1,3.9,-42.7,8.0,17.85,344.5,32.2,22.2,1,1,1.45,0,36.5,0.4816,MEDIUM
38,31,635.6,44.9,5.8,17.4,3.5,-39.5,46.3,10.78,530.3,63.5,84.2,0,2,21.81,1,56.5,0.5147,HIGH
116,36,1982.0,20.2,61.6,62.3,35.0,-33.5,65.2,18.08,689.8,0.0,72.1,1,0,7.48,1,49.6,0.6883,HIGH
77,6,2920.2,69.9,77.2,51.4,71.9,-54.4,61.4,14.56,179.3,73.7,95.3,1,1,6.96,0,67.9,0.4634,MEDIUM
95,4,854.7,35.7,55.0,78.7,13.1,-30.0,5.4,7.09,601.7,50.3,47.5,0,1,13.93,1,39.8,0.5372,HIGH
58,38,861.6,44.9,98.3,65.9,78.7,-54.8,9.5,9.92,917.0,20.8,97.7,1,1,4.84,0,55.8,0.5715,HIGH
105,23,547.6,11.3,68.6,60.1,71.6,-21.1,35.1,7.86,185.0,0.2,51.1,0,2,6.84,0,42.8,0.431,MEDIUM
13,22,2602.6,56.8,10.4,81.5,0.4,-12.8,84.3,16.59,659.1,70.7,62.1,0,0,3.44,1,43.1,0.3792,LOW
18,21,795.2,18.6,19.8,6.8,2.7,-21.3,87.0,3.83,45.6,66.3,67.4,1,1,1.79,0,66.2,0.4433,MEDIUM
63,20,1584.1,67.9,82.6,69.1,19.5,-13.4,31.0,18.73,531.1,66.5,49.0,1,1,6.75,0,22.2,0.255,LOW
89,29,2974.0,7.1,99.7,71.6,5.6,-55.0,71.9,11.65,741.5,43.7,56.3,0,0,4.8,0,75.6,0.5106,MEDIUM
98,25,184.6,97.6,9.8,27.5,53.1,-51.4,57.7,12.27,34.0,63.9,22.3,1,0,4.27,0,67.2,0.4433,MEDIUM
56,10,1736.0,68.5,10.0,19.6,4.0,-13.1,98.3,10.38,333.7,57.1,36.2,0,0,10.34,0,56.0,0.5085,MEDIUM
80,27,1610.0,18.2,76.3,21.4,80.3,-6.8,9.5,11.13,878.0,23.9,70.2,0,0,17.46,0,19.4,0.4498,MEDIUM
69,28,2451.2,1.4,6.4,19.8,49.3,-11.9,54.8,13.39,225.5,51.9,3.9,0,1,17.68,0,36.1,0.4247,LOW
116,8,1162.6,33.4,6.9,52.4,72.8,-15.2,59.3,13.14,722.9,51.5,70.0,0,2,17.19,1,40.4,0.514,HIGH
80,17,1319.5,15.3,88.9,13.6,75.1,-12.6,30.8,4.36,612.2,82.4,30.4,0,3,5.45,1,39.5,0.3668,LOW
53,33,628.6,21.8,80.0,65.9,50.7,-10.6,4.7,11.69,163.7,43.3,27.2,0,1,9.57,0,19.7,0.3767,LOW
117,26,2261.3,87.3,88.2,10.5,92.5,-11.5,5.2,7.16,741.7,43.6,69.3,0,1,6.52,1,26.2,0.3388,LOW
17,9,2386.4,60.3,65.1,2.7,99.0,-10.7,45.4,12.78,532.1,98.4,21.5,0,1,5.51,1,32.7,0.4071,LOW
119,5,539.5,17.6,32.3,31.9,35.9,-50.6,69.2,11.0,112.0,89.4,96.2,0,0,5.8,1,72.3,0.3896,LOW
22,25,1271.4,55.7,90.6,19.2,12.6,-51.2,70.0,3.68,949.4,24.2,99.1,0,0,3.95,0,82.1,0.6325,HIGH
38,21,2694.8,25.6,29.9,98.9,36.3,-33.3,18.1,14.72,492.0,91.0,45.8,0,1,12.17,0,37.2,0.3053,LOW
100,39,157.7,97.6,27.6,30.3,22.3,-23.3,85.8,9.19,745.1,13.8,40.1,0,0,21.02,1,60.5,0.6166,HIGH
90,23,1001.5,3.3,88.6,22.2,53.1,-9.2,37.7,11.07,217.7,85.3,7.9,1,2,6.39,0,31.0,0.4608,MEDIUM
117,38,1731.9,73.2,68.1,19.7,37.8,-34.9,96.4,13.49,137.2,18.3,77.8,0,3,5.83,0,67.3,0.3816,LOW
91,11,1102.2,77.3,89.6,37.4,48.0,-38.5,11.8,13.09,741.3,42.6,16.3,1,3,1.41,0,40.8,0.5782,HIGH
78,20,925.3,6.7,15.6,60.6,76.3,-8.1,83.6,15.0,673.8,98.4,93.3,1,0,15.36,0,41.4,0.333,LOW
45,9,1461.1,17.2,95.2,78.2,27.4,-40.0,90.8,4.21,274.1,9.7,99.1,0,0,1.06,2,80.6,0.5616,HIGH
5,25,667.3,38.4,61.3,36.5,53.7,-5.7,82.3,2.3,746.3,84.0,12.2,0,3,10.71,2,55.1,0.5783,HIGH
19,10,1659.4,86.8,66.8,62.6,33.5,-44.4,80.9,13.42,505.0,49.5,68.3,0,3,5.05,1,68.8,0.5097,MEDIUM
39,22,2164.1,53.7,91.4,48.2,78.5,-33.4,36.1,4.8,348.6,11.1,46.6,0,1,8.19,0,55.9,0.3453,LOW
9,16,1789.6,65.5,38.1,84.6,64.0,-30.9,71.3,2.38,786.9,95.2,54.1,0,0,11.16,2,69.5,0.4189,LOW
63,10,415.4,78.3,72.0,56.9,0.9,-37.0,57.9,2.71,616.8,54.9,18.0,0,0,10.67,0,68.8,0.5724,HIGH
95,7,2556.6,82.8,64.0,29.0,66.0,-54.8,42.4,6.32,507.3,88.1,72.4,1,0,19.31,0,71.8,0.4157,LOW
116,22,648.7,47.6,78.8,70.4,17.0,-40.9,99.3,19.84,773.1,86.9,16.7,0,0,1.13,0,64.7,0.4108,LOW
61,39,2329.7,50.9,89.7,82.0,72.4,-34.7,29.0,3.23,544.8,1.5,88.5,1,0,17.74,0,56.3,0.4929,MEDIUM
106,11,1177.6,71.8,68.0,46.5,56.7,-36.2,41.3,6.04,938.5,26.5,45.4,0,2,11.52,0,58.2,0.551,HIGH
119,18,2380.9,26.3,6.8,98.7,40.1,-7.9,90.3,18.42,818.1,33.7,63.5,0,0,20.7,0,39.3,0.4373,MEDIUM
104,12,737.9,85.4,18.3,87.9,69.4,-52.2,28.9,19.27,358.2,53.5,92.2,0,4,10.15,1,49.0,0.4694,MEDIUM
58,33,682.0,2.1,95.4,19.7,85.7,-31.7,15.3,4.65,464.9,7.2,73.8,0,1,2.62,0,47.6,0.4327,MEDIUM
42,19,1566.5,19.6,96.9,78.7,77.9,-52.7,31.0,17.62,957.3,38.9,54.1,0,1,9.08,0,52.2,0.4878,MEDIUM
118,40,243.9,80.0,96.7,60.1,54.5,0.8,75.9,2.86,895.2,81.5,40.3,0,0,15.04,1,48.0,0.3851,LOW
33,13,792.1,34.0,3.7,53.5,72.3,-7.6,86.0,15.25,191.2,17.3,46.2,0,1,16.96,0,41.6,0.5121,HIGH
52,6,2213.4,15.0,38.2,51.4,41.4,3.9,11.4,0.36,274.3,70.1,34.2,0,1,9.33,0,28.5,0.3787,LOW
13,25,2536.5,18.7,76.0,85.3,78.9,-0.4,62.2,8.19,364.4,46.0,94.6,0,1,8.47,0,36.8,0.4527,MEDIUM
97,28,380.2,53.1,75.3,61.1,82.9,-36.1,56.7,5.02,879.8,7.1,25.3,0,3,11.37,0,64.8,0.5945,HIGH
80,40,2663.9,84.6,8.6,53.8,13.7,-13.5,66.9,14.11,927.4,17.7,40.9,0,1,18.9,1,40.6,0.5707,HIGH
14,36,2422.9,7.1,60.9,4.9,23.8,-36.6,67.1,0.42,802.3,14.1,77.8,0,0,6.88,0,74.6,0.6873,HIGH
30,36,2628.6,3.0,14.3,44.8,27.0,-1.7,95.9,9.35,275.7,62.0,36.4,0,0,13.33,0,48.1,0.4836,MEDIUM
69,27,2140.5,46.5,49.3,90.8,16.6,-30.4,34.7,13.96,887.1,8.7,88.7,0,2,30.17,0,41.8,0.5808,HIGH
67,17,2071.3,95.6,24.0,71.2,39.3,-32.4,30.0,1.03,32.9,82.3,24.3,1,0,43.44,2,57.8,0.5839,HIGH
98,19,1646.5,27.9,5.3,5.1,19.3,-0.2,58.1,17.96,422.8,80.7,3.1,0,5,18.82,1,23.0,0.4275,LOW
35,8,2010.4,95.9,8.0,88.4,59.6,-4.8,42.9,7.29,377.6,8.0,62.9,0,2,8.27,0,34.4,0.3961,LOW
112,19,2769.5,88.8,91.1,82.7,10.2,3.0,47.4,3.39,535.2,88.8,50.8,0,2,3.38,0,37.4,0.3121,LOW
56,17,436.5,28.3,74.5,54.7,27.0,-51.0,6.9,4.59,560.6,95.9,93.3,0,2,12.83,2,58.8,0.4011,LOW
100,5,1049.9,81.7,93.2,2.2,66.6,-40.4,14.8,6.84,225.4,4.3,42.3,0,1,25.83,1,51.0,0.6869,HIGH
32,11,356.5,68.6,47.0,56.2,39.9,-36.9,93.5,4.05,204.6,95.0,13.6,0,5,9.34,0,79.5,0.3889,LOW
9,23,2842.7,51.2,41.3,5.5,42.1,-29.5,6.8,10.26,803.6,27.9,33.0,1,1,20.33,0,36.0,0.6052,HIGH
11,17,1419.0,42.3,35.8,32.0,79.8,-26.6,59.0,12.7,76.2,66.5,39.3,1,1,19.25,0,49.1,0.4266,LOW
48,40,2074.7,81.6,61.6,62.9,98.5,-37.5,75.5,8.73,493.3,17.5,58.3,0,1,10.13,0,67.8,0.4962,MEDIUM
115,21,2547.2,79.3,35.2,91.3,56.5,-7.6,1.2,8.6,191.6,81.7,27.5,0,1,18.08,1,20.2,0.2703,LOW
10,39,2974.4,75.7,74.6,35.8,7.9,-41.6,22.3,15.66,319.6,84.2,55.0,0,0,3.75,0,43.5,0.2662,LOW
47,28,611.1,99.8,80.1,86.0,10.3,-13.2,37.7,6.09,277.3,97.8,90.8,0,1,8.61,0,40.2,0.3491,LOW
17,5,2428.6,47.9,87.6,91.8,96.9,-3.9,50.7,12.49,708.5,99.3,42.4,0,1,13.9,0,30.0,0.2899,LOW
113,11,2679.2,80.7,24.3,2.1,67.9,-18.8,34.2,17.87,456.0,7.6,65.2,0,1,9.95,0,28.3,0.5189,HIGH
83,30,289.3,86.2,52.7,23.9,75.2,-33.8,64.9,4.51,299.4,65.8,22.9,0,5,4.11,0,66.7,0.4955,MEDIUM
93,24,2299.2,21.2,22.3,71.0,67.6,-43.7,22.6,12.44,831.4,27.3,80.1,0,1,18.09,0,49.1,0.5663,HIGH
87,15,1161.0,4.2,3.8,75.7,18.0,-46.9,2.5,18.96,85.8,12.6,27.0,0,2,13.78,0,36.3,0.5035,MEDIUM
81,23,1998.5,40.5,70.8,39.2,44.8,-10.3,0.2,10.64,766.4,14.9,58.0,0,1,11.46,0,19.3,0.4083,LOW
94,37,1615.0,85.7,54.9,65.7,79.8,-26.9,34.6,19.54,248.3,93.6,30.0,0,2,23.27,2,32.2,0.2017,LOW
5,18,890.3,28.9,72.4,61.2,86.6,-52.2,36.2,6.27,918.0,68.4,6.7,0,1,18.35,1,67.8,0.4485,MEDIUM
105,5,535.4,70.0,8.8,74.0,23.7,4.0,94.9,11.33,5.6,5.0,32.0,0,2,0.69,1,44.1,0.513,HIGH
90,15,483.3,0.7,99.6,71.9,59.6,-14.7,4.5,6.29,556.7,98.4,21.2,0,1,11.6,0,29.4,0.3409,LOW
90,38,444.5,35.5,99.4,8.6,15.7,-4.3,53.0,0.17,622.3,80.8,89.3,0,2,11.34,1,46.5,0.3998,LOW
50,32,1967.7,61.6,46.5,15.8,95.8,-28.7,57.8,19.95,577.3,30.9,26.6,1,0,7.7,0,41.2,0.4833,MEDIUM
97,34,1151.5,13.0,86.6,13.3,25.2,2.3,69.9,4.88,815.0,47.1,97.4,0,1,1.14,2,43.4,0.571,HIGH
49,37,767.4,89.7,24.4,93.2,72.7,-43.0,63.9,19.46,112.2,72.7,49.2,0,0,5.27,2,54.3,0.3617,LOW
10,8,2121.9,15.6,73.8,91.4,23.1,-43.9,0.8,13.1,415.6,67.6,22.1,1,1,0.83,2,40.8,0.4316,MEDIUM
110,14,2107.5,91.0,87.9,79.7,61.6,-1.6,63.2,18.09,863.7,46.3,39.1,0,2,37.08,1,25.7,0.5158,HIGH
32,6,1686.6,21.6,81.5,11.7,65.9,-1.5,32.2,19.35,888.7,51.2,18.3,0,1,9.98,2,13.2,0.4077,LOW
16,4,2814.6,99.4,81.2,57.4,32.8,-25.1,77.3,11.4,498.3,4.3,83.4,0,3,14.44,0,56.1,0.5948,HIGH
77,34,1248.4,60.5,46.3,18.7,81.9,-47.5,18.8,19.99,558.0,50.1,12.0,0,2,4.05,0,41.1,0.4079,LOW
32,38,2532.2,8.4,82.0,36.8,88.5,-36.7,71.6,15.37,763.9,34.0,87.4,0,1,1.31,0,57.5,0.4634,MEDIUM
104,9,364.1,6.5,69.1,26.7,85.5,-9.8,62.5,10.52,779.6,28.5,4.6,1,2,7.26,0,40.9,0.6479,HIGH
56,30,2258.5,7.5,13.2,82.9,33.1,-4.2,65.2,13.13,888.1,27.0,30.0,0,1,6.46,2,34.5,0.4764,MEDIUM
5,23,2967.1,59.0,11.4,14.4,74.4,-34.1,17.6,3.97,843.9,64.9,14.0,0,3,12.06,0,51.0,0.4327,MEDIUM
115,6,2562.8,81.0,77.2,64.6,55.9,-51.3,66.9,0.32,414.4,42.9,68.5,0,1,7.53,3,85.3,0.4557,MEDIUM
64,37,1802.0,40.3,62.5,98.4,59.3,-15.1,73.7,5.21,649.8,42.6,51.2,0,2,42.43,1,55.3,0.5371,HIGH
35,36,1936.3,44.5,51.9,68.7,47.7,-10.6,48.9,8.76,483.2,15.9,93.9,0,3,20.95,0,38.9,0.6268,HIGH
83,24,1156.9,58.9,90.7,7.9,60.0,-29.6,34.0,4.64,118.0,96.2,36.6,0,1,27.3,1,52.6,0.3683,LOW
66,30,2086.5,53.3,66.0,90.8,13.6,-20.0,16.7,10.33,821.7,22.4,4.1,0,3,10.03,0,32.5,0.4398,MEDIUM
8,18,2345.6,68.8,39.6,64.3,40.9,4.2,29.0,13.19,601.8,40.6,76.2,1,2,11.89,2,18.7,0.4135,LOW
93,33,2995.0,47.2,41.4,45.6,17.8,-40.3,76.4,13.15,58.0,19.0,58.0,0,0,25.64,0,64.6,0.5256,HIGH
51,20,1553.5,71.4,60.5,66.0,28.0,-20.6,40.9,17.89,676.9,70.3,82.7,1,0,7.06,0,31.9,0.4131,LOW
86,40,324.7,99.7,76.0,87.9,12.8,-18.3,70.3,19.33,283.1,43.6,42.6,1,1,13.91,1,38.8,0.4056,LOW
108,6,1848.2,35.0,56.4,47.7,21.2,-22.1,74.0,17.82,69.3,41.4,73.8,1,0,7.53,0,44.7,0.4437,MEDIUM
75,10,489.2,1.2,50.9,53.1,78.2,-2.9,67.4,12.44,606.6,87.5,17.1,1,3,14.48,0,35.1,0.589,HIGH
82,39,847.6,12.6,72.7,45.2,55.0,-18.7,67.4,4.19,732.2,75.9,100.0,0,3,2.98,0,57.0,0.434,MEDIUM
34,14,1087.0,55.4,70.5,7.3,2.4,-24.5,61.1,18.87,517.3,52.0,17.4,0,3,6.2,0,40.6,0.5426,HIGH
32,15,2233.4,34.4,83.0,78.7,78.9,-47.6,51.8,3.58,5.6,46.9,83.0,0,0,12.08,1,73.3,0.5108,MEDIUM
53,33,673.9,94.0,6.3,12.6,90.9,-12.8,19.8,3.11,576.9,96.0,21.2,0,1,13.15,0,37.4,0.3269,LOW
103,11,622.4,62.7,75.5,39.5,88.0,-47.1,84.3,6.42,6.6,95.6,78.3,0,0,16.9,0,80.7,0.2787,LOW
65,23,278.1,52.0,51.4,38.7,82.3,-53.4,96.4,11.51,926.4,70.5,86.1,0,1,3.56,1,83.2,0.4214,LOW
45,14,2638.7,79.8,7.5,28.0,99.2,-25.7,46.6,13.66,267.3,76.0,87.7,1,3,11.73,0,42.9,0.3669,LOW
95,11,2126.5,25.9,67.9,40.3,58.6,-20.7,93.3,0.36,871.0,89.9,47.6,1,0,2.17,1,72.3,0.3843,LOW
103,39,263.8,82.0,71.7,61.8,96.3,4.9,99.8,15.58,12.1,96.4,42.9,0,0,7.88,0,40.5,0.2051,LOW
109,11,230.6,0.3,52.4,31.1,94.9,-12.3,48.6,3.58,97.2,8.2,83.4,0,1,10.28,0,46.5,0.4504,MEDIUM
39,7,1742.2,62.0,79.4,17.3,31.3,-4.1,72.4,6.0,451.4,99.7,57.9,0,1,9.14,1,45.8,0.3835,LOW
87,28,955.2,93.5,30.0,86.9,86.3,-34.2,64.4,6.51,758.6,70.3,62.1,0,1,29.65,2,64.3,0.509,MEDIUM
73,36,1850.7,78.8,20.2,97.1,79.2,-24.5,23.7,6.72,942.6,59.3,23.6,0,1,10.35,2,42.7,0.4941,MEDIUM
57,8,1388.6,85.4,35.1,45.9,77.6,3.5,4.7,15.23,521.1,41.3,44.6,0,1,15.25,0,7.6,0.2703,LOW
51,30,2781.4,39.7,41.0,32.7,89.6,-30.0,45.3,0.91,355.5,33.6,36.9,0,0,12.11,2,61.5,0.4736,MEDIUM
18,24,970.3,82.4,69.6,4.7,38.4,-6.6,78.7,4.01,44.6,80.4,66.5,0,0,9.85,0,52.3,0.4179,LOW
36,34,2085.6,55.1,84.6,3.7,40.0,-23.4,32.5,0.54,583.7,65.4,19.6,0,3,14.47,1,52.7,0.4382,MEDIUM
68,8,304.1,61.9,72.1,39.3,64.0,-41.6,78.4,15.59,380.0,20.1,40.6,0,1,11.32,0,63.2,0.5654,HIGH
107,40,2874.2,5.9,17.4,93.0,73.8,-20.2,65.5,19.68,909.1,61.0,84.9,0,2,10.6,0,38.0,0.3693,LOW
105,26,2945.2,20.2,36.6,73.1,88.0,-41.9,69.6,13.22,480.1,14.1,54.6,1,0,8.46,1,63.3,0.4732,MEDIUM
26,35,2256.4,55.1,15.8,34.9,87.6,-54.8,28.6,11.84,765.4,49.7,89.6,0,1,7.06,0,60.1,0.4542,MEDIUM
83,17,1475.9,5.9,68.7,96.8,72.1,-40.8,47.0,18.17,848.2,58.3,23.3,1,0,6.28,0,48.4,0.5494,HIGH
14,38,777.0,74.1,24.8,42.9,95.7,-43.4,18.2,5.17,98.3,63.6,44.0,0,1,10.62,1,56.5,0.4166,LOW
83,27,2465.7,84.0,52.5,27.7,17.9,-32.7,24.7,1.42,440.8,14.5,50.0,0,2,10.06,0,55.7,0.5748,HIGH
44,8,2248.6,92.0,79.2,42.6,95.0,-1.7,9.0,10.25,893.7,9.6,40.1,1,1,25.13,0,16.6,0.4692,MEDIUM
57,38,782.6,10.2,67.1,21.2,6.4,-31.7,12.7,5.28,424.5,25.9,68.4,0,2,2.66,1,45.9,0.5318,HIGH
88,33,1436.0,94.0,29.8,88.6,55.6,-4.3,21.1,9.08,565.2,60.7,14.9,0,3,31.2,0,24.2,0.4401,MEDIUM
54,15,1469.0,6.8,33.3,36.1,9.0,-21.7,58.0,9.18,873.1,93.2,51.9,0,0,3.66,2,49.6,0.4962,MEDIUM
98,24,2505.3,47.4,65.3,65.8,56.8,-54.5,44.1,6.44,232.6,77.9,13.9,0,3,9.76,2,72.0,0.4441,MEDIUM
66,18,2099.0,84.0,54.9,38.9,39.0,-43.7,26.7,9.78,894.6,74.6,62.9,1,0,13.25,2,53.9,0.4844,MEDIUM
120,24,1983.0,7.0,9.6,90.2,8.2,0.9,86.1,7.67,397.0,33.0,83.0,0,4,4.45,0,45.5,0.4946,MEDIUM
79,39,2002.0,1.8,87.4,64.2,64.8,-18.7,52.5,2.35,593.0,11.2,2.0,1,2,3.58,0,54.0,0.4965,MEDIUM
39,37,920.8,2.5,51.3,48.8,73.1,0.8,92.3,17.35,328.0,89.2,45.7,1,1,8.94,0,35.6,0.451,MEDIUM
94,11,1209.4,51.1,47.3,13.2,17.4,-36.4,63.5,14.06,527.1,50.1,49.3,1,0,15.53,1,56.1,0.5971,HIGH
52,39,280.1,81.2,19.8,90.2,69.4,-12.0,1.6,0.92,49.3,10.1,72.0,0,1,18.52,2,33.1,0.3121,LOW
66,20,2392.8,12.7,37.7,54.7,17.9,-8.7,91.3,2.4,65.3,53.5,7.5,0,2,3.1,1,60.3,0.5407,HIGH
20,30,1384.0,12.5,33.3,28.5,13.7,3.5,85.7,2.02,414.7,67.5,40.6,0,2,8.65,1,52.5,0.4901,MEDIUM
18,32,1399.0,56.9,27.1,87.8,14.7,-53.9,63.5,1.33,335.0,32.0,78.5,0,3,1.81,0,84.8,0.4838,MEDIUM
71,21,849.3,23.4,56.7,5.4,59.9,2.1,53.5,1.28,615.8,0.9,53.2,1,0,4.55,0,42.1,0.4997,MEDIUM
26,20,746.9,73.0,46.2,31.4,77.9,-31.5,45.3,3.23,37.9,62.2,75.0,0,1,22.13,0,59.7,0.3398,LOW
120,20,1825.3,95.0,88.9,53.7,59.7,-4.7,48.2,16.97,167.7,4.0,36.4,0,0,12.71,0,24.1,0.3264,LOW
104,35,812.8,76.6,94.1,34.0,80.9,-22.3,76.9,16.58,209.6,43.3,92.0,1,1,4.9,0,47.4,0.3457,LOW
86,18,333.0,87.7,21.9,47.7,59.1,-21.1,51.3,15.68,440.5,82.5,7.7,0,2,20.72,1,38.7,0.5349,HIGH
90,14,2337.4,52.0,10.0,26.4,79.7,-33.4,17.6,12.33,246.8,99.9,9.1,1,3,5.54,0,40.0,0.4167,LOW
74,17,1222.9,83.2,78.5,13.0,97.7,-5.3,5.8,14.5,137.7,37.0,52.8,1,0,9.6,0,12.8,0.4864,MEDIUM
11,11,1233.7,18.3,99.5,3.7,39.1,-39.2,12.6,14.8,597.6,2.0,47.1,0,0,1.42,0,39.4,0.5345,HIGH
50,18,1379.3,6.8,86.4,15.8,15.0,-25.5,25.1,17.8,743.9,49.3,63.8,0,3,4.92,0,30.1,0.5256,HIGH
62,8,2472.9,65.6,2.4,95.3,13.5,-21.4,36.8,14.67,685.3,27.6,22.9,0,2,11.87,0,35.1,0.5123,HIGH
111,7,1064.4,5.2,25.1,57.5,59.7,-10.4,89.2,14.76,276.2,89.3,22.6,0,0,11.46,0,45.3,0.374,LOW
30,30,2310.4,89.2,4.3,48.9,54.7,-26.7,23.9,16.1,854.4,71.2,74.9,1,2,7.05,2,32.7,0.4998,MEDIUM
62,6,2827.7,69.2,82.1,38.4,18.4,-14.2,32.0,11.17,611.8,40.4,29.2,0,2,8.88,2,32.6,0.5263,HIGH
44,25,2033.5,95.2,58.1,70.8,88.2,-25.9,22.3,4.34,614.7,76.2,72.7,0,0,16.36,0,46.2,0.3158,LOW
20,32,1380.3,31.4,51.4,14.1,95.7,-15.4,54.6,1.78,212.8,34.1,64.1,0,1,8.34,0,53.1,0.4277,MEDIUM
16,30,2281.2,48.6,55.4,27.6,25.3,-14.6,61.7,8.44,242.2,52.2,8.3,1,0,13.27,0,46.7,0.5206,HIGH
47,20,1455.0,74.2,25.2,65.6,20.7,-12.4,53.2,1.92,474.8,92.3,71.1,0,3,6.13,0,50.2,0.3875,LOW
14,11,1331.1,24.3,60.2,47.9,21.4,-5.6,95.2,3.47,237.8,20.0,88.0,1,2,9.5,1,58.1,0.5367,HIGH
12,38,1647.1,54.2,3.1,77.0,38.7,-22.6,99.5,0.57,688.1,31.3,81.7,1,1,1.29,0,75.5,0.5601,HIGH
45,34,1055.5,65.9,64.6,89.7,85.3,-43.4,83.7,6.07,308.6,88.6,0.9,0,3,6.51,0,78.3,0.4281,MEDIUM
28,26,447.1,97.9,73.4,82.3,59.6,-14.2,80.5,19.4,151.9,46.2,54.0,0,1,10.34,0,39.3,0.2938,LOW
69,7,1332.3,74.5,67.3,18.4,6.8,-50.4,36.6,7.64,151.6,31.8,91.3,0,0,9.08,0,64.9,0.5096,MEDIUM
7,5,503.0,11.8,33.2,9.1,47.3,-41.9,58.0,4.89,127.2,3.7,59.9,1,1,6.12,0,69.7,0.5699,HIGH
40,15,1319.8,47.5,82.6,16.9,9.0,-7.5,35.1,8.13,439.8,41.9,29.0,0,1,4.07,0,32.6,0.5297,HIGH
57,9,1737.3,58.9,71.6,78.4,40.6,-28.9,78.4,6.1,3.0,50.1,19.5,1,2,10.6,0,65.8,0.3419,LOW
116,35,2802.5,14.7,12.8,91.4,40.4,-25.1,17.2,13.51,542.4,40.6,68.5,1,1,8.85,1,32.4,0.5254,HIGH
78,11,253.2,43.2,19.5,92.5,64.8,4.2,21.7,12.73,298.3,27.7,77.1,0,1,12.34,1,16.7,0.3155,LOW
107,14,1921.2,28.4,63.7,29.8,54.9,-40.9,3.9,0.64,552.5,36.9,91.3,0,1,5.39,0,55.3,0.4626,MEDIUM
44,40,1454.5,11.9,28.9,84.0,87.5,-53.8,60.9,10.28,935.4,64.2,90.6,1,1,14.62,0,72.6,0.5279,HIGH
57,34,207.7,51.2,11.9,53.6,1.6,-48.3,68.9,0.82,869.0,89.1,33.9,1,1,3.5,1,83.2,0.5241,HIGH
53,12,861.2,16.6,15.5,82.3,77.4,-40.3,0.3,13.58,576.4,65.0,60.4,0,3,2.38,2,37.4,0.4303,MEDIUM
107,18,487.7,59.1,16.6,54.8,2.3,-11.4,51.1,18.72,418.1,64.6,10.2,0,2,22.25,0,27.8,0.504,MEDIUM
116,23,767.9,17.0,47.8,14.6,30.4,-8.5,37.7,18.16,698.4,81.7,9.4,0,1,3.71,1,21.7,0.3999,LOW
116,28,932.5,72.4,60.7,7.9,88.0,-21.1,79.2,4.19,923.1,16.5,7.1,0,0,10.67,0,62.8,0.5602,HIGH
92,38,1293.7,19.5,17.6,95.7,69.0,-39.7,3.9,14.88,489.5,30.1,92.7,1,1,7.64,1,36.6,0.4849,MEDIUM
63,36,1657.8,89.6,71.2,42.6,17.2,-23.7,4.9,15.88,99.3,5.1,15.2,0,1,22.62,2,24.1,0.5724,HIGH
67,40,152.8,2.6,28.1,35.1,49.1,-54.1,62.0,17.3,766.1,35.0,48.2,1,0,15.03,0,64.4,0.5945,HIGH
118,5,611.3,52.2,31.2,35.6,72.2,-14.1,59.2,5.27,10.5,99.9,43.3,0,0,2.46,0,49.4,0.3263,LOW
38,12,416.7,32.0,22.3,37.9,93.7,-18.1,83.1,9.07,764.6,32.9,32.5,1,3,27.17,1,55.9,0.5987,HIGH
45,24,1716.6,22.5,78.5,94.5,63.4,-53.7,59.2,4.51,84.9,86.0,53.8,0,1,18.79,0,79.1,0.4967,MEDIUM
109,5,1087.9,47.2,96.0,6.3,2.5,-6.0,94.9,0.58,106.6,8.6,0.3,0,1,6.91,1,61.9,0.5835,HIGH
49,17,1712.9,84.2,49.2,11.9,50.0,-9.2,31.4,13.21,781.7,46.0,38.0,0,1,3.47,0,26.2,0.4017,LOW
32,9,782.2,91.5,4.2,79.0,15.3,-36.5,39.8,8.69,689.5,35.1,47.9,1,2,11.22,1,54.6,0.5713,HIGH
70,38,219.1,30.3,26.1,54.9,4.8,-16.9,97.8,5.04,561.9,20.2,80.3,0,1,11.69,1,65.2,0.5702,HIGH
42,6,2832.9,15.4,15.8,12.9,59.9,-18.9,10.8,16.96,820.6,37.3,70.1,0,2,1.56,0,21.3,0.3774,LOW
108,9,458.7,72.0,84.3,3.4,77.7,-46.4,79.6,9.96,851.4,65.1,85.0,0,2,10.64,0,74.2,0.5881,HIGH
110,11,511.5,58.2,8.5,22.4,3.6,-43.4,1.2,19.89,457.5,49.0,37.6,0,0,17.75,0,32.1,0.4434,MEDIUM
40,9,567.7,20.1,96.6,26.1,78.4,-14.0,48.7,15.89,996.3,84.4,14.1,0,2,10.22,1,32.4,0.3855,LOW
66,25,2946.6,76.0,58.9,1.4,70.6,1.0,15.3,17.4,357.6,90.5,40.1,0,0,9.01,0,8.6,0.3318,LOW
119,17,1910.3,51.9,51.8,21.6,75.2,-20.4,59.9,15.49,171.5,48.2,96.3,0,0,8.2,1,41.4,0.426,LOW
91,37,1889.3,65.3,84.7,73.8,24.5,-20.9,79.8,2.21,846.0,98.2,21.4,0,0,4.85,1,65.4,0.4534,MEDIUM
30,13,2962.1,35.9,2.8,85.5,39.4,-16.2,3.3,1.39,415.6,7.2,17.5,0,0,20.24,0,36.2,0.6149,HIGH
73,23,402.1,43.9,77.7,89.8,12.0,-28.6,16.4,18.31,874.5,27.6,94.4,0,1,7.23,0,28.7,0.45,MEDIUM
76,28,2927.3,18.0,11.7,39.0,23.9,-51.7,34.3,2.85,61.2,41.7,95.0,0,1,11.22,0,71.0,0.479,MEDIUM
80,27,731.4,75.7,84.1,31.9,30.3,-31.2,25.6,7.89,111.1,58.3,14.9,0,2,2.86,2,46.8,0.5512,HIGH
7,33,1925.8,15.7,52.9,100.0,31.9,-1.0,38.3,12.24,40.3,54.6,76.9,1,1,8.77,0,23.8,0.5075,MEDIUM
39,11,1347.2,77.8,6.1,76.9,17.5,-6.7,95.2,4.32,602.0,56.8,43.0,0,0,13.73,0,57.8,0.5696,HIGH
104,22,1244.3,79.8,83.3,53.7,18.9,0.6,10.1,4.58,831.9,89.6,49.2,0,1,7.1,0,22.8,0.4128,LOW
32,33,2804.0,74.7,2.7,25.5,90.1,-45.8,42.3,9.38,402.7,27.8,49.9,1,2,7.26,0,61.4,0.5886,HIGH
39,35,575.3,1.9,13.8,32.1,78.4,-24.6,45.7,7.28,90.7,81.7,96.8,1,1,9.48,0,49.8,0.3161,LOW
42,26,2991.6,27.3,79.8,51.5,34.4,-19.9,28.0,13.56,373.5,55.8,18.5,0,4,13.34,0,32.3,0.448,MEDIUM
25,28,1230.5,46.8,46.5,54.2,94.8,-42.4,27.9,1.59,348.0,49.0,77.3,0,0,10.59,0,63.6,0.4516,MEDIUM
23,35,1999.0,59.6,88.1,1.4,23.9,-42.9,71.5,9.83,643.5,29.9,0.6,1,0,33.86,1,68.9,0.7714,HIGH
45,27,2908.5,91.9,63.5,95.9,40.7,-8.1,61.8,3.57,652.2,30.4,62.9,1,1,22.27,0,48.1,0.5086,MEDIUM
106,39,314.2,37.6,62.4,57.6,81.4,-14.7,81.3,12.17,103.0,38.8,65.3,0,3,6.04,0,48.9,0.4601,MEDIUM
5,8,2780.2,87.5,29.2,58.9,44.3,-16.2,40.5,2.41,420.2,76.4,75.4,0,0,19.49,1,47.9,0.4308,MEDIUM
37,16,1768.3,16.3,13.4,21.1,23.5,-39.0,60.7,4.03,642.5,47.7,92.6,1,1,1.53,0,69.6,0.5995,HIGH
12,8,2157.5,37.1,96.1,76.5,36.9,-24.6,89.4,16.1,258.9,15.4,75.4,1,3,7.61,2,54.1,0.5722,HIGH
70,7,575.2,5.2,10.5,73.7,50.1,-53.6,85.1,4.78,407.1,76.0,73.2,0,1,2.26,0,87.8,0.5043,MEDIUM
34,21,1670.2,74.2,52.9,9.5,62.1,-47.2,92.0,14.77,613.7,66.3,25.4,0,3,14.41,1,73.1,0.5794,HIGH
96,12,2069.5,15.1,27.3,59.5,40.6,-23.9,26.9,5.53,402.9,94.9,99.3,0,1,7.1,0,44.9,0.4289,MEDIUM
72,19,1450.3,25.7,26.4,65.8,43.1,-36.4,98.5,4.78,30.9,52.9,46.8,0,1,3.27,0,80.0,0.531,HIGH
95,20,591.7,77.5,59.5,83.6,26.4,2.9,81.6,6.05,222.6,65.4,41.7,0,1,16.55,0,46.0,0.3523,LOW
78,26,845.7,53.5,79.8,20.6,53.5,-26.7,79.5,17.63,776.1,47.9,50.2,0,1,3.72,2,50.2,0.5106,MEDIUM
55,38,2585.0,1.4,77.7,87.8,21.9,-50.0,66.8,8.0,248.5,68.1,39.4,0,1,15.46,1,74.7,0.6141,HIGH
104,35,248.2,0.2,86.9,46.1,86.8,-53.9,98.3,4.95,817.7,43.6,59.4,0,2,11.48,0,92.4,0.5718,HIGH
60,17,2170.3,51.1,29.3,9.7,74.7,-11.5,44.2,10.78,466.9,13.8,35.0,1,1,8.17,1,35.4,0.4528,MEDIUM
115,16,2998.3,30.5,46.6,10.6,41.0,-44.7,74.2,7.77,472.9,98.7,24.0,1,2,18.09,0,73.8,0.4853,MEDIUM
120,32,171.3,18.0,0.9,19.8,74.7,-43.7,69.9,15.82,770.5,72.0,92.8,1,1,4.4,2,61.5,0.4636,MEDIUM
73,8,609.0,61.4,74.7,28.3,0.7,-29.6,73.2,19.81,383.3,60.9,92.8,1,3,1.82,0,47.4,0.4543,MEDIUM
83,23,2071.3,22.8,30.2,49.6,34.4,-39.2,75.1,10.58,238.5,48.1,49.6,1,0,3.51,0,66.6,0.4555,MEDIUM
34,19,321.0,59.2,56.1,74.9,44.0,-18.0,19.1,9.09,105.0,71.1,96.2,0,2,33.58,1,33.4,0.4193,LOW
99,10,1830.9,37.9,16.9,18.7,47.0,-25.9,34.9,6.93,671.9,12.7,41.6,0,0,4.9,0,47.4,0.4954,MEDIUM
82,26,2099.4,18.7,81.9,99.3,74.9,-48.3,39.2,19.47,469.9,32.6,38.7,1,0,6.78,0,49.5,0.5674,HIGH
109,15,1826.2,13.8,81.7,16.2,96.3,-7.9,74.8,9.72,809.4,12.5,91.7,0,1,25.66,4,44.8,0.4936,MEDIUM
35,10,1190.8,23.7,87.7,59.9,38.0,-29.4,71.6,3.64,457.7,12.6,63.3,0,1,6.79,0,66.9,0.5096,MEDIUM
96,28,2137.3,3.0,4.6,92.9,35.1,-18.3,83.3,19.39,414.8,2.1,76.3,1,3,14.7,0,43.2,0.615,HIGH
59,10,1843.7,30.8,99.2,83.3,61.1,-54.8,78.9,19.22,298.9,75.6,41.3,0,0,27.63,0,68.4,0.4931,MEDIUM
26,28,741.8,90.2,24.8,64.8,28.1,-17.4,59.6,8.77,199.4,22.7,40.7,1,0,13.06,1,47.6,0.6092,HIGH
24,9,1754.9,83.1,30.9,71.5,14.1,-38.0,14.0,7.03,830.4,83.2,8.3,0,0,9.3,1,48.7,0.4445,MEDIUM
70,20,2663.4,37.2,24.9,13.4,96.2,-25.3,63.5,13.64,95.2,90.4,96.7,0,2,16.93,0,48.6,0.3751,LOW
42,33,2050.5,57.6,26.8,1.0,81.0,-37.1,88.7,16.6,902.1,16.9,22.8,1,1,0.99,1,62.3,0.518,HIGH
16,12,1494.6,56.7,55.3,43.4,95.8,4.8,64.3,10.02,26.9,70.9,49.4,1,2,6.72,0,35.0,0.3665,LOW
54,32,1066.5,82.9,24.0,9.0,21.8,-41.1,89.6,6.68,522.3,46.0,11.5,0,0,22.53,1,77.9,0.5363,HIGH
80,30,394.8,23.6,39.4,35.8,1.8,-0.2,99.9,6.1,58.3,91.9,64.7,0,1,4.96,0,52.5,0.401,LOW
41,37,847.2,29.6,65.6,22.4,43.7,0.1,35.9,6.6,779.6,48.4,39.1,0,1,10.55,0,29.3,0.5196,HIGH
115,10,181.9,30.2,83.6,91.6,93.4,-29.7,72.3,2.45,211.5,37.9,76.8,0,2,14.82,1,68.8,0.4943,MEDIUM
95,30,2961.9,4.1,69.3,88.0,13.8,-36.8,54.0,15.59,565.9,29.5,52.8,0,0,7.45,0,51.2,0.4387,MEDIUM
64,38,784.1,31.5,59.4,81.9,11.7,-32.1,45.5,2.19,916.4,90.4,12.9,0,1,14.96,0,61.5,0.4825,MEDIUM
113,32,2472.4,87.8,14.8,71.4,6.9,4.4,24.0,8.03,649.3,22.6,1.1,0,1,11.53,0,23.4,0.5784,HIGH
55,10,630.6,91.2,81.6,15.4,76.5,-17.9,24.6,16.72,178.3,82.8,21.2,0,1,51.59,1,25.7,0.447,MEDIUM
21,34,958.3,11.0,3.7,4.8,78.6,-22.3,18.5,8.14,796.7,19.4,72.4,0,2,17.15,2,37.5,0.5563,HIGH
9,7,1342.1,45.8,26.4,65.4,69.5,-52.8,63.1,5.97,441.5,64.3,82.9,0,0,11.54,3,78.0,0.3374,LOW
113,25,1074.6,38.1,5.7,64.2,5.3,-4.1,14.2,18.97,13.2,45.1,34.1,0,0,1.3,0,9.2,0.4463,MEDIUM
116,22,2425.3,48.9,66.7,36.9,72.3,-50.0,43.1,2.62,486.8,10.5,53.6,0,0,5.32,0,73.2,0.5708,HIGH
90,23,2879.4,55.5,36.8,47.3,44.9,-52.2,52.3,17.71,812.5,12.6,24.0,1,0,3.79,0,59.1,0.5877,HIGH
16,23,2644.6,2.0,65.2,48.9,15.8,-38.5,43.8,1.34,430.0,28.2,88.0,1,1,25.2,1,66.7,0.6688,HIGH
39,5,587.7,84.2,34.7,24.0,29.5,-26.5,85.5,8.33,758.4,76.7,96.5,1,4,3.36,2,63.8,0.5716,HIGH
9,22,2363.6,97.4,45.6,31.4,50.1,-1.3,44.3,12.67,705.5,72.9,75.3,0,1,7.35,1,25.6,0.4544,MEDIUM
10,38,571.6,65.3,45.8,41.8,33.0,-7.6,8.3,7.46,456.9,20.5,8.9,0,0,12.55,0,24.1,0.4594,MEDIUM
33,20,2753.1,66.0,4.6,60.3,97.0,-43.1,99.2,10.74,323.3,47.6,43.7,0,2,6.17,1,77.6,0.4735,MEDIUM
71,14,1626.0,52.8,43.0,95.6,47.5,-32.7,84.5,4.16,726.5,9.7,99.1,0,1,7.03,0,73.2,0.5417,HIGH
12,40,1108.7,33.4,64.1,53.8,37.2,-8.2,66.0,11.42,368.9,71.6,22.9,1,1,11.54,3,39.8,0.4844,MEDIUM
119,7,597.5,14.9,54.6,73.1,67.3,-23.4,75.6,2.78,170.1,79.3,67.0,0,2,4.95,0,65.0,0.384,LOW
57,21,183.7,58.4,7.5,80.7,65.1,-44.5,12.8,15.94,320.9,89.4,93.9,1,3,10.51,0,41.9,0.3038,LOW
35,22,856.6,4.5,66.8,11.4,0.2,-31.2,76.6,11.72,876.8,88.6,77.3,0,1,16.54,0,59.9,0.56,HIGH
64,21,2755.0,82.5,30.9,65.3,61.8,-17.4,20.8,9.69,283.4,33.8,60.9,0,3,5.63,1,32.8,0.4765,MEDIUM
96,38,2422.2,42.1,1.4,48.2,24.4,3.4,48.9,1.19,235.0,25.5,50.7,0,0,3.66,1,40.6,0.5475,HIGH
41,19,2913.9,41.5,15.6,57.2,37.5,-15.3,17.8,10.05,133.4,89.7,92.9,1,0,28.91,0,29.8,0.4604,MEDIUM
10,40,437.2,32.7,49.8,3.8,70.6,-54.0,75.4,11.32,55.2,14.6,39.5,0,0,29.19,0,76.5,0.5604,HIGH
10,6,1837.7,96.9,31.0,90.6,55.7,-12.7,24.6,5.39,976.7,5.9,90.1,0,0,9.0,0,36.1,0.495,MEDIUM
103,31,882.9,17.5,69.4,95.3,36.9,-39.9,25.3,13.58,536.8,31.4,43.1,0,1,10.27,0,45.9,0.5692,HIGH
17,25,1697.4,15.1,24.1,0.3,16.7,-3.3,10.9,1.63,729.6,76.0,75.7,1,2,10.2,2,29.2,0.5816,HIGH
78,12,1063.3,16.6,77.3,21.3,50.5,-32.0,72.1,4.25,773.0,69.4,91.6,0,1,6.66,0,68.2,0.5526,HIGH
49,12,957.9,65.9,28.6,18.0,31.9,-43.0,29.6,14.78,352.3,98.7,55.1,1,0,8.82,1,48.2,0.3913,LOW
95,30,1785.5,99.2,62.1,78.1,91.3,-26.9,51.8,3.03,798.9,36.0,31.0,0,1,1.33,0,58.9,0.3647,LOW
12,27,672.5,23.5,79.9,59.8,53.4,-39.7,33.2,4.99,961.5,27.6,5.1,0,1,2.66,4,59.3,0.5772,HIGH
109,26,1487.0,90.6,38.6,17.7,86.6,-40.9,77.5,13.05,741.8,37.8,80.9,0,1,7.07,0,65.6,0.4145,LOW
85,5,2004.8,27.9,4.7,81.4,39.0,-20.6,22.6,14.6,711.7,78.2,62.2,1,2,5.68,0,29.6,0.3875,LOW
57,26,515.3,64.8,53.5,35.3,82.7,-9.0,94.1,1.12,432.2,21.4,26.3,0,1,3.07,0,63.1,0.4826,MEDIUM
29,40,2802.2,4.0,99.5,46.1,5.7,-4.9,32.1,2.62,841.3,94.8,87.7,0,1,8.79,0,36.5,0.4637,MEDIUM
118,4,1591.3,49.6,96.9,38.7,29.8,-31.1,10.4,8.98,88.8,51.3,92.0,0,0,15.28,0,40.0,0.3811,LOW
40,21,2485.7,65.5,22.1,52.1,7.8,-51.0,24.0,11.9,749.7,78.3,88.7,1,2,4.96,1,55.6,0.5462,HIGH
61,22,2013.6,53.6,75.6,48.0,3.2,-26.0,7.4,9.13,362.0,82.7,60.2,0,1,11.55,2,35.1,0.3014,LOW
50,37,2173.5,23.8,34.5,27.5,91.9,-29.0,46.9,12.98,566.0,47.9,97.7,0,1,7.22,0,46.3,0.3485,LOW
31,14,2191.0,82.8,16.0,42.5,71.7,-43.2,25.0,15.14,893.0,74.1,87.5,0,1,17.11,1,46.2,0.4271,LOW
53,21,2644.0,97.0,66.6,90.8,62.5,-1.2,88.6,19.0,605.0,36.5,10.4,0,2,2.44,0,33.1,0.38,LOW
22,30,1898.8,45.9,50.1,50.3,53.2,3.4,51.7,7.06,25.6,81.1,98.1,1,0,3.5,1,34.3,0.2121,LOW
5,6,942.9,63.6,53.9,91.6,57.0,-51.9,23.3,3.35,722.6,82.4,54.9,0,2,6.88,1,66.7,0.3575,LOW
38,33,433.6,79.0,82.7,55.0,63.9,-7.3,45.1,5.36,929.0,56.6,92.0,1,3,4.23,0,39.4,0.4038,LOW
18,34,1877.8,24.1,33.7,76.9,82.7,-16.3,19.6,3.05,642.0,21.8,76.0,1,0,20.85,1,39.9,0.5826,HIGH
53,30,339.1,86.4,66.7,29.4,59.7,-39.3,17.9,7.95,861.4,97.0,64.8,0,2,2.59,0,49.9,0.3931,LOW
105,27,837.7,28.0,36.6,79.0,74.9,-16.9,30.1,17.46,825.3,94.7,32.7,1,1,6.69,0,26.0,0.4456,MEDIUM
23,31,323.0,77.6,4.3,26.4,28.1,-47.3,10.8,7.01,861.3,62.0,2.7,0,2,33.28,1,54.4,0.6211,HIGH
5,32,1714.3,11.2,37.8,2.0,97.7,-50.8,18.9,3.06,344.1,98.4,27.7,0,2,2.38,2,64.7,0.3993,LOW
17,37,607.0,28.8,95.0,16.1,3.2,4.6,93.8,10.5,474.2,50.3,68.6,0,1,9.48,1,44.7,0.5242,HIGH
63,19,1889.7,53.4,48.3,2.2,38.7,-16.8,66.7,19.84,848.0,37.5,86.3,1,2,7.33,1,35.8,0.5519,HIGH
36,20,2404.0,52.5,10.8,94.7,88.2,-39.8,92.1,3.84,910.4,46.1,0.2,0,2,12.83,2,81.4,0.5664,HIGH
61,27,2492.4,85.0,68.8,100.0,18.1,-28.0,25.7,15.58,146.8,4.6,20.8,1,1,11.89,0,34.9,0.3946,LOW
8,11,1032.2,99.6,96.3,76.2,14.1,2.0,85.7,16.48,181.5,54.9,67.3,0,0,11.33,0,34.4,0.285,LOW
43,35,1714.5,10.7,90.8,10.8,36.5,-28.7,36.2,8.09,346.8,66.6,28.4,0,1,17.94,0,48.4,0.5182,HIGH
52,32,1754.6,27.1,57.2,89.9,42.8,-1.0,14.4,12.43,770.3,11.0,14.2,1,3,17.61,0,15.2,0.645,HIGH
55,27,1497.7,35.8,37.6,74.4,93.3,-2.9,80.5,8.7,875.0,25.6,8.2,0,3,5.62,1,44.4,0.442,MEDIUM
68,15,2017.1,47.9,58.1,33.2,83.6,-34.4,6.0,5.32,580.2,72.1,63.8,0,1,5.43,0,45.5,0.2435,LOW
95,16,748.7,49.4,81.6,50.2,46.4,-13.2,40.5,8.58,113.3,79.4,59.5,1,1,14.79,1,38.0,0.4314,MEDIUM
59,20,2940.8,85.6,86.1,66.2,97.3,-15.4,81.9,2.0,303.7,98.6,85.9,0,1,10.57,0,62.4,0.2566,LOW
102,28,429.5,77.1,81.9,2.4,64.2,-8.7,61.7,14.17,857.0,25.3,31.5,1,1,12.09,3,35.2,0.5298,HIGH
